group	package	file	bytes	sha256	status	source
platform	dax3_ext_qc.inf_arm64_ff387f00ed786af9	AUCD_DEV_0C29_SUBSYS_12A41043_ADCM_SUBSYS_12A41043.xml	102684	b6393e705b6242c41414c507d1b224caec28bd4de4122342524d897ef30e67a3	copied	/mnt/c/Windows/System32/DriverStore/FileRepository/dax3_ext_qc.inf_arm64_ff387f00ed786af9/AUCD_DEV_0C29_SUBSYS_12A41043_ADCM_SUBSYS_12A41043.xml
platform	dax3_ext_qc.inf_arm64_ff387f00ed786af9	AUCD_DEV_0C29_SUBSYS_13041043_ADCM_SUBSYS_13041043.xml	109865	70af2b70cf8c09b80879cb2f5ebcdbc2a1f99deada3c6d167482fa30f068e44c	copied	/mnt/c/Windows/System32/DriverStore/FileRepository/dax3_ext_qc.inf_arm64_ff387f00ed786af9/AUCD_DEV_0C29_SUBSYS_13041043_ADCM_SUBSYS_13041043.xml
platform	dax3_ext_qc.inf_arm64_ff387f00ed786af9	AUCD_DEV_0C29_SUBSYS_13241043_ADCM_SUBSYS_13241043.xml	108722	f5366b3f55fb1079e18da5c5b9ab37627c55fc618ae6e62c4a30347b0b3d93d6	copied	/mnt/c/Windows/System32/DriverStore/FileRepository/dax3_ext_qc.inf_arm64_ff387f00ed786af9/AUCD_DEV_0C29_SUBSYS_13241043_ADCM_SUBSYS_13241043.xml
platform	dax3_ext_qc.inf_arm64_ff387f00ed786af9	AUCD_DEV_0C29_SUBSYS_19041043_ADCM_SUBSYS_19041043.xml	109267	c73078a4226eb5f5fd041172058736b647f1852a54c9c3b0da1bb5271871c531	copied	/mnt/c/Windows/System32/DriverStore/FileRepository/dax3_ext_qc.inf_arm64_ff387f00ed786af9/AUCD_DEV_0C29_SUBSYS_19041043_ADCM_SUBSYS_19041043.xml
platform	dax3_ext_qc.inf_arm64_ff387f00ed786af9	AUCD_DEV_0C29_SUBSYS_1EA31043_ADCM_SUBSYS_1EA31043.xml	96365	0bcd1c5d92a63de7f1e38a95640f9f0f3bcee88cc422f0985f58100e7c687864	copied	/mnt/c/Windows/System32/DriverStore/FileRepository/dax3_ext_qc.inf_arm64_ff387f00ed786af9/AUCD_DEV_0C29_SUBSYS_1EA31043_ADCM_SUBSYS_1EA31043.xml
platform	dax3_ext_qc.inf_arm64_ff387f00ed786af9	AUCD_DEV_0C29_SUBSYS_1EF31043_ADCM_SUBSYS_1EF31043.xml	107429	9d219efe30df2d034c6a35f1ec9caa51943b80ec92182bdac11f50a9bebc64dc	copied	/mnt/c/Windows/System32/DriverStore/FileRepository/dax3_ext_qc.inf_arm64_ff387f00ed786af9/AUCD_DEV_0C29_SUBSYS_1EF31043_ADCM_SUBSYS_1EF31043.xml
platform	dax3_ext_qc.inf_arm64_ff387f00ed786af9	AUCD_DEV_0C29_SUBSYS_1FC31043_ADCM_SUBSYS_1FC31043.xml	107429	dfd191ed15d94341b046a48f5c08865cb709da865d014b946bed750395a78547	copied	/mnt/c/Windows/System32/DriverStore/FileRepository/dax3_ext_qc.inf_arm64_ff387f00ed786af9/AUCD_DEV_0C29_SUBSYS_1FC31043_ADCM_SUBSYS_1FC31043.xml
platform	dax3_ext_qc.inf_arm64_ff387f00ed786af9	AUCD_DEV_0C29_SUBSYS_32211043_ADCM_SUBSYS_32211043.xml	101464	ea0e2a1fb874a468b9c141defab3752b51b38ea0759823a9cd1771ed5902ccf3	copied	/mnt/c/Windows/System32/DriverStore/FileRepository/dax3_ext_qc.inf_arm64_ff387f00ed786af9/AUCD_DEV_0C29_SUBSYS_32211043_ADCM_SUBSYS_32211043.xml
platform	dax3_ext_qc.inf_arm64_ff387f00ed786af9	AUCD_DEV_0C29_SUBSYS_32311043_ADCM_SUBSYS_32311043.xml	101404	2e275d3110c2247ddcd785764a1bc763fb6d44082798160a1531a389f3102805	copied	/mnt/c/Windows/System32/DriverStore/FileRepository/dax3_ext_qc.inf_arm64_ff387f00ed786af9/AUCD_DEV_0C29_SUBSYS_32311043_ADCM_SUBSYS_32311043.xml
platform	dax3_ext_qc.inf_arm64_ff387f00ed786af9	AUCD_DEV_0FCD_SUBSYS_35111043_ADCM_SUBSYS_35111043.xml	94604	21b7324725fa79bfa5e7b960c70fe0980e1978636e72da612209b93c9925b938	copied	/mnt/c/Windows/System32/DriverStore/FileRepository/dax3_ext_qc.inf_arm64_ff387f00ed786af9/AUCD_DEV_0FCD_SUBSYS_35111043_ADCM_SUBSYS_35111043.xml
platform	dax3_ext_qc.inf_arm64_ff387f00ed786af9	Headphone_Default_Generic_Default_Atmos3.8.xml	85849	8009ab49d82f5c5289c2ac1fa0cea16367e99db6a598f93926dc65373ea813db	copied	/mnt/c/Windows/System32/DriverStore/FileRepository/dax3_ext_qc.inf_arm64_ff387f00ed786af9/Headphone_Default_Generic_Default_Atmos3.8.xml
platform	dax3_ext_qc.inf_arm64_ff387f00ed786af9	Operator_Info_ASUS.xml	262	ba6967948bce732a9d28aedbf8fb4f5479d89d06d451038ad4a10650d211c3b2	copied	/mnt/c/Windows/System32/DriverStore/FileRepository/dax3_ext_qc.inf_arm64_ff387f00ed786af9/Operator_Info_ASUS.xml
platform	dax3_ext_qc.inf_arm64_ff387f00ed786af9	Operator_Info_ASUS_ASUS.xml	1015	0504b5885a97dff99c09eb74018095b5456f22f349f0eb85875704143cb700d1	copied	/mnt/c/Windows/System32/DriverStore/FileRepository/dax3_ext_qc.inf_arm64_ff387f00ed786af9/Operator_Info_ASUS_ASUS.xml
platform	dax3_ext_qc.inf_arm64_ff387f00ed786af9	Operator_Info_ASUS_ProArt.xml	1885	edce9371bcd983aa76253766c604ee9b3dc30e07b2e43cb1977f04d28fba75dc	copied	/mnt/c/Windows/System32/DriverStore/FileRepository/dax3_ext_qc.inf_arm64_ff387f00ed786af9/Operator_Info_ASUS_ProArt.xml
platform	dax3_ext_qc.inf_arm64_ff387f00ed786af9	Operator_Info_ASUS_ROG.xml	4867	e99530bd5eda4e564fa13ddaaae161e1c602cea39432b826a65f4ce118399a5b	copied	/mnt/c/Windows/System32/DriverStore/FileRepository/dax3_ext_qc.inf_arm64_ff387f00ed786af9/Operator_Info_ASUS_ROG.xml
platform	dax3_ext_qc.inf_arm64_ff387f00ed786af9	Operator_Info_ASUS_TUF.xml	3310	63ee0e54d57927189a2300664aac4832f791dd0d76877fb95d2615e671a2ad6b	copied	/mnt/c/Windows/System32/DriverStore/FileRepository/dax3_ext_qc.inf_arm64_ff387f00ed786af9/Operator_Info_ASUS_TUF.xml
platform	dax3_ext_qc.inf_arm64_ff387f00ed786af9	QCASD_DEV_0FCD_SUBSYS_16841043_AUCD_SUBSYS_16841043.xml	109564	1fc718a6b2ed2d4196c7dad855263fde2a65216a7bff46c52ea193dba034e287	copied	/mnt/c/Windows/System32/DriverStore/FileRepository/dax3_ext_qc.inf_arm64_ff387f00ed786af9/QCASD_DEV_0FCD_SUBSYS_16841043_AUCD_SUBSYS_16841043.xml
platform	dax3_ext_qc.inf_arm64_ff387f00ed786af9	QCASD_DEV_0FCD_SUBSYS_16941043_AUCD_SUBSYS_16941043.xml	112215	f0fa01a58c2f131156382e8a8bc0e7eccc62d4d2a68234fe50c00f4f35b13ed6	copied	/mnt/c/Windows/System32/DriverStore/FileRepository/dax3_ext_qc.inf_arm64_ff387f00ed786af9/QCASD_DEV_0FCD_SUBSYS_16941043_AUCD_SUBSYS_16941043.xml
platform	dax3_ext_qc.inf_arm64_ff387f00ed786af9	QCASD_DEV_0FCD_SUBSYS_16D41043_AUCD_SUBSYS_16D41043.xml	109767	eea6296e3a2c8948bd642af5dbd9dacfc4f6885421dc817dffb019284f3e4c6f	copied	/mnt/c/Windows/System32/DriverStore/FileRepository/dax3_ext_qc.inf_arm64_ff387f00ed786af9/QCASD_DEV_0FCD_SUBSYS_16D41043_AUCD_SUBSYS_16D41043.xml
platform	dax3_ext_qc.inf_arm64_ff387f00ed786af9	QCASD_DEV_0FCD_SUBSYS_18641043_AUCD_SUBSYS_18641043.xml	86529	4745821c8db87acb26f6ca188c79394de8f6c43189a9087739c8c2f2f664f8fa	copied	/mnt/c/Windows/System32/DriverStore/FileRepository/dax3_ext_qc.inf_arm64_ff387f00ed786af9/QCASD_DEV_0FCD_SUBSYS_18641043_AUCD_SUBSYS_18641043.xml
platform	dax3_ext_qc.inf_arm64_ff387f00ed786af9	Speaker_Default_Atmos3.8.xml	83617	720fa144fac74b2ab4f6c19a619352e4db5a132e285e40e674fe6842dc3bbe24	copied	/mnt/c/Windows/System32/DriverStore/FileRepository/dax3_ext_qc.inf_arm64_ff387f00ed786af9/Speaker_Default_Atmos3.8.xml
platform	dax3_ext_qc.inf_arm64_ff387f00ed786af9	operator_settings_asus_capture_off.json	508	53898f60c0bae0d116a49c1c83798edd9d32934dfdb456b6eaa93844c2df8221	copied	/mnt/c/Windows/System32/DriverStore/FileRepository/dax3_ext_qc.inf_arm64_ff387f00ed786af9/operator_settings_asus_capture_off.json
platform	dax3_ext_qc.inf_arm64_ff387f00ed786af9	operator_settings_asus_default.json	5693	9a458f4cbd68acff3eecf3e4aa2960c1f568a5de7e173b80e3a72222e2993125	copied	/mnt/c/Windows/System32/DriverStore/FileRepository/dax3_ext_qc.inf_arm64_ff387f00ed786af9/operator_settings_asus_default.json
platform	dax3_ext_qc.inf_arm64_ff387f00ed786af9	operator_settings_asus_eyes_tracking.json	371	cbd16c99e32ad0f04b7a29182bce3299b73027075b6a4b11867fe55d75dc7c8c	copied	/mnt/c/Windows/System32/DriverStore/FileRepository/dax3_ext_qc.inf_arm64_ff387f00ed786af9/operator_settings_asus_eyes_tracking.json
platform	dax3_ext_qc.inf_arm64_ff387f00ed786af9	operator_settings_asus_eyes_tracking_capture_off.json	514	cc7efec08cf9d9727bf733d2ff844389dc5a38c1d8031fb76a0165f2ab69e2c8	copied	/mnt/c/Windows/System32/DriverStore/FileRepository/dax3_ext_qc.inf_arm64_ff387f00ed786af9/operator_settings_asus_eyes_tracking_capture_off.json
platform	dax3_ext_qc.inf_arm64_ff387f00ed786af9	operator_settings_asus_eyes_tracking_override_volume.json	241	b09d0fb0cabd65d5df08e7d000d1760f49466536f432a784e9cd9e68866d7261	copied	/mnt/c/Windows/System32/DriverStore/FileRepository/dax3_ext_qc.inf_arm64_ff387f00ed786af9/operator_settings_asus_eyes_tracking_override_volume.json
platform	dax3_ext_qc.inf_arm64_ff387f00ed786af9	operator_settings_asus_eyes_tracking_override_volume_capture_off.json	253	0ae6ff9a6836646e6dc117ff11d53f425147ca5db01e013f711f6fa88ae2e294	copied	/mnt/c/Windows/System32/DriverStore/FileRepository/dax3_ext_qc.inf_arm64_ff387f00ed786af9/operator_settings_asus_eyes_tracking_override_volume_capture_off.json
platform	dax3_ext_qc.inf_arm64_ff387f00ed786af9	operator_settings_asus_logo.json	228	fad5731d3bc90d07db2ce6601613a60a9662424cc24922bbd76819afbe445271	copied	/mnt/c/Windows/System32/DriverStore/FileRepository/dax3_ext_qc.inf_arm64_ff387f00ed786af9/operator_settings_asus_logo.json
platform	dax3_ext_qc.inf_arm64_ff387f00ed786af9	operator_settings_asus_override_volume.json	235	4621f004c0aeaa069f0f92aba1277365459e1b51f38c89a84744d10e49834cc4	copied	/mnt/c/Windows/System32/DriverStore/FileRepository/dax3_ext_qc.inf_arm64_ff387f00ed786af9/operator_settings_asus_override_volume.json
platform	dax3_ext_qc.inf_arm64_ff387f00ed786af9	operator_settings_asus_override_volume_capture_off.json	239	66a4bea9afb5ccb001f4a40e8521b876f12adcafcd7de0a55ff61238f3517e22	copied	/mnt/c/Windows/System32/DriverStore/FileRepository/dax3_ext_qc.inf_arm64_ff387f00ed786af9/operator_settings_asus_override_volume_capture_off.json
platform	dax3_ext_qc.inf_arm64_ff387f00ed786af9	operator_settings_asus_proart.json	230	1239bbee841739068a6955447b4a78930773d095875cc2fba4749dc859e29877	copied	/mnt/c/Windows/System32/DriverStore/FileRepository/dax3_ext_qc.inf_arm64_ff387f00ed786af9/operator_settings_asus_proart.json
platform	dax3_ext_qc.inf_arm64_ff387f00ed786af9	operator_settings_asus_proart_capture_off.json	507	679c80992328195432356817bd616ea4c854bc953f30b20c7350dcc85022d111	copied	/mnt/c/Windows/System32/DriverStore/FileRepository/dax3_ext_qc.inf_arm64_ff387f00ed786af9/operator_settings_asus_proart_capture_off.json
platform	dax3_ext_qc.inf_arm64_ff387f00ed786af9	operator_settings_asus_proart_override_volume.json	234	128357ab372426737e0bbca73b1f107c0f16cdda72a59a252882acdc5b594a61	copied	/mnt/c/Windows/System32/DriverStore/FileRepository/dax3_ext_qc.inf_arm64_ff387f00ed786af9/operator_settings_asus_proart_override_volume.json
platform	dax3_ext_qc.inf_arm64_ff387f00ed786af9	operator_settings_asus_rog.json	227	42454bb2177478dcd8538626297d6f23331c01ea986bfce359fbb8cd0e5f28d1	copied	/mnt/c/Windows/System32/DriverStore/FileRepository/dax3_ext_qc.inf_arm64_ff387f00ed786af9/operator_settings_asus_rog.json
platform	dax3_ext_qc.inf_arm64_ff387f00ed786af9	operator_settings_asus_rog_game.json	691	14433baab50c658c844da8d1d36a9dbcd3e8b55b425d7d9be369f1d58e8b1c4f	copied	/mnt/c/Windows/System32/DriverStore/FileRepository/dax3_ext_qc.inf_arm64_ff387f00ed786af9/operator_settings_asus_rog_game.json
platform	dax3_ext_qc.inf_arm64_ff387f00ed786af9	operator_settings_asus_rog_game_override_volume.json	236	ff44972cc8f8d884a4c91d34d5da297eaa21e5c49125b3ad10f65b3d1c7e1011	copied	/mnt/c/Windows/System32/DriverStore/FileRepository/dax3_ext_qc.inf_arm64_ff387f00ed786af9/operator_settings_asus_rog_game_override_volume.json
platform	dax3_ext_qc.inf_arm64_ff387f00ed786af9	operator_settings_asus_rog_override_volume.json	231	4536dbf3759b7d9318fc6734aa1f549ec33c6bb0e8962c03384989bdfaa48a1b	copied	/mnt/c/Windows/System32/DriverStore/FileRepository/dax3_ext_qc.inf_arm64_ff387f00ed786af9/operator_settings_asus_rog_override_volume.json
platform	dax3_ext_qc.inf_arm64_ff387f00ed786af9	operator_settings_asus_tuf.json	227	3f0175fb73cff0fd67298bff428f6a378ce24a76c23538524208dcf3785e7d10	copied	/mnt/c/Windows/System32/DriverStore/FileRepository/dax3_ext_qc.inf_arm64_ff387f00ed786af9/operator_settings_asus_tuf.json
platform	dax3_ext_qc.inf_arm64_ff387f00ed786af9	operator_settings_asus_tuf_override_volume.json	231	1f4fc180ba64a2dc880c235d8e961381e3f676511833c51d95f6885344567563	copied	/mnt/c/Windows/System32/DriverStore/FileRepository/dax3_ext_qc.inf_arm64_ff387f00ed786af9/operator_settings_asus_tuf_override_volume.json
adsp	qcacsp_crd8480.inf_arm64_0e143dd5e4119fb5	ADCMResources.bin	3426	ed19933253a9b6f6b66639b53758d095850226909bd9438887b12b59e73cf940	copied	/mnt/c/Windows/System32/DriverStore/FileRepository/qcacsp_crd8480.inf_arm64_0e143dd5e4119fb5/ADCMResources.bin
adsp	qcacsp_crd8480.inf_arm64_0e143dd5e4119fb5	acdb_cal.acdb	524502	bdad94c161883a9f5554a97f18a0d6e603dcd4ffd89a824ef6403482fab1f263	copied	/mnt/c/Windows/System32/DriverStore/FileRepository/qcacsp_crd8480.inf_arm64_0e143dd5e4119fb5/acdb_cal.acdb
adsp	qcacsp_crd8480.inf_arm64_0e143dd5e4119fb5	workspaceFile.qwsp	721216	0c167b65c8640d15bf947ebb630f51adcdbf9a929e2ba89a6bad8e8988ada7cd	copied	/mnt/c/Windows/System32/DriverStore/FileRepository/qcacsp_crd8480.inf_arm64_0e143dd5e4119fb5/workspaceFile.qwsp
adsp	qcadc8480.inf_arm64_d1e2b7371e43cd0e	ADC1.bin	12648	a50e7408f0b8a15a2f90541b08cc112e7f0295a9cc160ef03b336f7dc7fd162c	copied	/mnt/c/Windows/System32/DriverStore/FileRepository/qcadc8480.inf_arm64_d1e2b7371e43cd0e/ADC1.bin
adsp	qcadc_ext8480.inf_arm64_bc980d42b50dbcd8	ADC1.bin	12648	a50e7408f0b8a15a2f90541b08cc112e7f0295a9cc160ef03b336f7dc7fd162c	duplicate-of adsp/qcadc8480.inf_arm64_d1e2b7371e43cd0e/ADC1.bin	/mnt/c/Windows/System32/DriverStore/FileRepository/qcadc_ext8480.inf_arm64_bc980d42b50dbcd8/ADC1.bin
adsp	qcascd_ext_crd8480.inf_arm64_3831f62a119ef36a	ASCDResources.bin	5477	ca3d0b1895b3be2236dd1c678c9dbdb817cca9174f18a9cf0f9c4950981f7162	copied	/mnt/c/Windows/System32/DriverStore/FileRepository/qcascd_ext_crd8480.inf_arm64_3831f62a119ef36a/ASCDResources.bin
adsp	qcasd8480.inf_arm64_4325c9e35ae12166	AudioResourceConstraints_8480.xml	69213	c04ac81be7a8f56c2584d58a5ab468008f7df04377ed8ea5a0b4489ca16baecc	copied	/mnt/c/Windows/System32/DriverStore/FileRepository/qcasd8480.inf_arm64_4325c9e35ae12166/AudioResourceConstraints_8480.xml
adsp	qcaucd_ext_crd8480.inf_arm64_465b51277f548a51	ACDResources.bin	5265	cbe0333c2a4d8230a962fc26ff6ea26f4fb355fd3ddb89398052ea6bf7df99b7	copied	/mnt/c/Windows/System32/DriverStore/FileRepository/qcaucd_ext_crd8480.inf_arm64_465b51277f548a51/ACDResources.bin
platform	qcbcryptcipherkm8480.inf_arm64_8c162b9603deac96	CRMD.bin	733	3a9ddb398b57196b710eb32ba34f1f253cd3473ac255b70942bab861bc8cdba2	copied	/mnt/c/Windows/System32/DriverStore/FileRepository/qcbcryptcipherkm8480.inf_arm64_8c162b9603deac96/CRMD.bin
bluetooth	qcbluetooth8480.inf_arm64_f8c8ac4a2910b3ce	bsrc_bt.bin	248	75991d1d39718b6fcd507c1b663a5ea5b85ef3a00bc99ce69eb6d173c33dce59	copied	/mnt/c/Windows/System32/DriverStore/FileRepository/qcbluetooth8480.inf_arm64_f8c8ac4a2910b3ce/bsrc_bt.bin
bluetooth	qcbluetooth8480.inf_arm64_f8c8ac4a2910b3ce	clnbtfw10.tlv	231958	0193aafabd279d464a415c5b8bed39f93a56dadd373a04efb31ab22067b65828	copied	/mnt/c/Windows/System32/DriverStore/FileRepository/qcbluetooth8480.inf_arm64_f8c8ac4a2910b3ce/clnbtfw10.tlv
bluetooth	qcbluetooth8480.inf_arm64_f8c8ac4a2910b3ce	clnbtnv10.b03	10880	8dcf11416f6beefc155c926617e094a86731a9ba3ec91daf6ae6979cfd27da8b	copied	/mnt/c/Windows/System32/DriverStore/FileRepository/qcbluetooth8480.inf_arm64_f8c8ac4a2910b3ce/clnbtnv10.b03
bluetooth	qcbluetooth8480.inf_arm64_f8c8ac4a2910b3ce	clnbtnv10.b07	10880	8dcf11416f6beefc155c926617e094a86731a9ba3ec91daf6ae6979cfd27da8b	duplicate-of bluetooth/qcbluetooth8480.inf_arm64_f8c8ac4a2910b3ce/clnbtnv10.b03	/mnt/c/Windows/System32/DriverStore/FileRepository/qcbluetooth8480.inf_arm64_f8c8ac4a2910b3ce/clnbtnv10.b07
bluetooth	qcbluetooth8480.inf_arm64_f8c8ac4a2910b3ce	clnbtnv10.b08	10880	8dcf11416f6beefc155c926617e094a86731a9ba3ec91daf6ae6979cfd27da8b	duplicate-of bluetooth/qcbluetooth8480.inf_arm64_f8c8ac4a2910b3ce/clnbtnv10.b03	/mnt/c/Windows/System32/DriverStore/FileRepository/qcbluetooth8480.inf_arm64_f8c8ac4a2910b3ce/clnbtnv10.b08
bluetooth	qcbluetooth8480.inf_arm64_f8c8ac4a2910b3ce	clnbtnv10.b0a	10880	8dcf11416f6beefc155c926617e094a86731a9ba3ec91daf6ae6979cfd27da8b	duplicate-of bluetooth/qcbluetooth8480.inf_arm64_f8c8ac4a2910b3ce/clnbtnv10.b03	/mnt/c/Windows/System32/DriverStore/FileRepository/qcbluetooth8480.inf_arm64_f8c8ac4a2910b3ce/clnbtnv10.b0a
bluetooth	qcbluetooth8480.inf_arm64_f8c8ac4a2910b3ce	clnbtnv10.b0d	10880	8dcf11416f6beefc155c926617e094a86731a9ba3ec91daf6ae6979cfd27da8b	duplicate-of bluetooth/qcbluetooth8480.inf_arm64_f8c8ac4a2910b3ce/clnbtnv10.b03	/mnt/c/Windows/System32/DriverStore/FileRepository/qcbluetooth8480.inf_arm64_f8c8ac4a2910b3ce/clnbtnv10.b0d
bluetooth	qcbluetooth8480.inf_arm64_f8c8ac4a2910b3ce	clnbtnv10.b17	10880	5d136624e4738057d18c2f3e27086938c85c1e1c7d0c678f40c7e1fd1bbea182	copied	/mnt/c/Windows/System32/DriverStore/FileRepository/qcbluetooth8480.inf_arm64_f8c8ac4a2910b3ce/clnbtnv10.b17
bluetooth	qcbluetooth8480.inf_arm64_f8c8ac4a2910b3ce	clnbtnv10.bin	10880	8dcf11416f6beefc155c926617e094a86731a9ba3ec91daf6ae6979cfd27da8b	duplicate-of bluetooth/qcbluetooth8480.inf_arm64_f8c8ac4a2910b3ce/clnbtnv10.b03	/mnt/c/Windows/System32/DriverStore/FileRepository/qcbluetooth8480.inf_arm64_f8c8ac4a2910b3ce/clnbtnv10.bin
bluetooth	qcbluetooth8480.inf_arm64_f8c8ac4a2910b3ce	hmtbtfw20.tlv	280764	7ee3f2b968d0616b67676a67e7c7e9de1e3fd0e4d4f96c5cc364650280563ad5	copied	/mnt/c/Windows/System32/DriverStore/FileRepository/qcbluetooth8480.inf_arm64_f8c8ac4a2910b3ce/hmtbtfw20.tlv
bluetooth	qcbluetooth8480.inf_arm64_f8c8ac4a2910b3ce	hmtbtfw20.ver	40	443aa5ef5af91f43bc86fea672f1b45158eaf2ba4664733f55256b292dbf9948	copied	/mnt/c/Windows/System32/DriverStore/FileRepository/qcbluetooth8480.inf_arm64_f8c8ac4a2910b3ce/hmtbtfw20.ver
bluetooth	qcbluetooth8480.inf_arm64_f8c8ac4a2910b3ce	hmtnv20.b105	9656	57c3cf985ff407606db950574daf639ca9f279bdd37675acccd7ad1d980761ef	copied	/mnt/c/Windows/System32/DriverStore/FileRepository/qcbluetooth8480.inf_arm64_f8c8ac4a2910b3ce/hmtnv20.b105
bluetooth	qcbluetooth8480.inf_arm64_f8c8ac4a2910b3ce	hmtnv20.b107	9656	57c3cf985ff407606db950574daf639ca9f279bdd37675acccd7ad1d980761ef	duplicate-of bluetooth/qcbluetooth8480.inf_arm64_f8c8ac4a2910b3ce/hmtnv20.b105	/mnt/c/Windows/System32/DriverStore/FileRepository/qcbluetooth8480.inf_arm64_f8c8ac4a2910b3ce/hmtnv20.b107
bluetooth	qcbluetooth8480.inf_arm64_f8c8ac4a2910b3ce	hmtnv20.b108	9656	57c3cf985ff407606db950574daf639ca9f279bdd37675acccd7ad1d980761ef	duplicate-of bluetooth/qcbluetooth8480.inf_arm64_f8c8ac4a2910b3ce/hmtnv20.b105	/mnt/c/Windows/System32/DriverStore/FileRepository/qcbluetooth8480.inf_arm64_f8c8ac4a2910b3ce/hmtnv20.b108
bluetooth	qcbluetooth8480.inf_arm64_f8c8ac4a2910b3ce	hmtnv20.b10f	9656	3af0e8c65c3f119a2380820a24af4979d5affc2751a22170ecd9f318e25e77ff	copied	/mnt/c/Windows/System32/DriverStore/FileRepository/qcbluetooth8480.inf_arm64_f8c8ac4a2910b3ce/hmtnv20.b10f
bluetooth	qcbluetooth8480.inf_arm64_f8c8ac4a2910b3ce	hmtnv20.b112	9656	6cc9e4609bde5cba32460ecd691ed39bcf2de14d6ae59e501c9c9fc637c54b4b	copied	/mnt/c/Windows/System32/DriverStore/FileRepository/qcbluetooth8480.inf_arm64_f8c8ac4a2910b3ce/hmtnv20.b112
bluetooth	qcbluetooth8480.inf_arm64_f8c8ac4a2910b3ce	hmtnv20.b3b	9656	f0b2bd0050d1b8d935c9fad533352a9fbccccb47fafbd191d2044a8caacc4b7c	copied	/mnt/c/Windows/System32/DriverStore/FileRepository/qcbluetooth8480.inf_arm64_f8c8ac4a2910b3ce/hmtnv20.b3b
bluetooth	qcbluetooth8480.inf_arm64_f8c8ac4a2910b3ce	hmtnv20.bin	9656	f0b2bd0050d1b8d935c9fad533352a9fbccccb47fafbd191d2044a8caacc4b7c	duplicate-of bluetooth/qcbluetooth8480.inf_arm64_f8c8ac4a2910b3ce/hmtnv20.b3b	/mnt/c/Windows/System32/DriverStore/FileRepository/qcbluetooth8480.inf_arm64_f8c8ac4a2910b3ce/hmtnv20.bin
camera	qccamauxsensor_extension8480.inf_arm64_f064542e5ea9bbd7	CAMI_RES_MTP.bin	2699	efac29c53bfae85b9a05dd424fc9ab919cbe1e004d69f14031c1852b8f403501	copied	/mnt/c/Windows/System32/DriverStore/FileRepository/qccamauxsensor_extension8480.inf_arm64_f064542e5ea9bbd7/CAMI_RES_MTP.bin
camera	qccamauxsensor_extension8480.inf_arm64_f064542e5ea9bbd7	CAMI_RES_QRD.bin	2699	e898d20ff57299967c66f7172c23b163733965af590964925a8d72acd6207c13	copied	/mnt/c/Windows/System32/DriverStore/FileRepository/qccamauxsensor_extension8480.inf_arm64_f064542e5ea9bbd7/CAMI_RES_QRD.bin
camera	qccamauxsensor_extension8480.inf_arm64_f064542e5ea9bbd7	SCFG_AUX_MTP.bin	119	29bbde9113bee9150e7d4e48180a09e97216d7fa36a5a6b861864b52d9dafa31	copied	/mnt/c/Windows/System32/DriverStore/FileRepository/qccamauxsensor_extension8480.inf_arm64_f064542e5ea9bbd7/SCFG_AUX_MTP.bin
camera	qccamauxsensor_extension8480.inf_arm64_f064542e5ea9bbd7	SCFG_AUX_MTP_COMBO.bin	125	c3cbff8006e02d5c8b9855541387e3d915d31bb29d254e25454fe9077cc88de2	copied	/mnt/c/Windows/System32/DriverStore/FileRepository/qccamauxsensor_extension8480.inf_arm64_f064542e5ea9bbd7/SCFG_AUX_MTP_COMBO.bin
camera	qccamauxsensor_extension8480.inf_arm64_f064542e5ea9bbd7	SCFG_AUX_QRD.bin	117	8eeb480bda46273a57dafea6d8a6031b9c8ed19d7f34666b115275a49f2a710d	copied	/mnt/c/Windows/System32/DriverStore/FileRepository/qccamauxsensor_extension8480.inf_arm64_f064542e5ea9bbd7/SCFG_AUX_QRD.bin
camera	qccamauxsensor_extension8480.inf_arm64_f064542e5ea9bbd7	com.qti.sensormodule.hm1092.bin	49062	723e34efd878ab5de3bbc11380aeabc7cf0ee49dfc9ae5a3c622c5fc9467d2ce	copied	/mnt/c/Windows/System32/DriverStore/FileRepository/qccamauxsensor_extension8480.inf_arm64_f064542e5ea9bbd7/com.qti.sensormodule.hm1092.bin
camera	qccamauxsensor_extension8480.inf_arm64_f064542e5ea9bbd7	com.qti.sensormodule.hm1092.json	483	5ef948de44a0e01e86a2a03852d8beeaeb01118d7a23f75eebcd8d99f57d32de	copied	/mnt/c/Windows/System32/DriverStore/FileRepository/qccamauxsensor_extension8480.inf_arm64_f064542e5ea9bbd7/com.qti.sensormodule.hm1092.json
camera	qccamauxsensor_extension8480.inf_arm64_f064542e5ea9bbd7	com.qti.tuned.default.bin	8747464	63c725d074b1d744a6410d5ccf9c6aeb663e9d2f81dfd17266f0273c3c18848c	copied	/mnt/c/Windows/System32/DriverStore/FileRepository/qccamauxsensor_extension8480.inf_arm64_f064542e5ea9bbd7/com.qti.tuned.default.bin
camera	qccamauxsensor_extension8480.inf_arm64_f064542e5ea9bbd7	com.qti.tuned.hm1092.bin	1056860	c9d304deb456c240690ee207f7b8d0f97171702c2d31e9d2261fed05ea451492	copied	/mnt/c/Windows/System32/DriverStore/FileRepository/qccamauxsensor_extension8480.inf_arm64_f064542e5ea9bbd7/com.qti.tuned.hm1092.bin
camera	qccamfrontsensor_extension8480.inf_arm64_28cc61ce48b3fb94	CAMF_PERF_MTP.bin	149	5b0d184cfbe2bea1dde07bc11aef1bd557e248ff9f8c4ed9be8e48a3c4760b23	copied	/mnt/c/Windows/System32/DriverStore/FileRepository/qccamfrontsensor_extension8480.inf_arm64_28cc61ce48b3fb94/CAMF_PERF_MTP.bin
camera	qccamfrontsensor_extension8480.inf_arm64_28cc61ce48b3fb94	CAMF_PERF_QRD.bin	149	5b0d184cfbe2bea1dde07bc11aef1bd557e248ff9f8c4ed9be8e48a3c4760b23	duplicate-of camera/qccamfrontsensor_extension8480.inf_arm64_28cc61ce48b3fb94/CAMF_PERF_MTP.bin	/mnt/c/Windows/System32/DriverStore/FileRepository/qccamfrontsensor_extension8480.inf_arm64_28cc61ce48b3fb94/CAMF_PERF_QRD.bin
camera	qccamfrontsensor_extension8480.inf_arm64_28cc61ce48b3fb94	CAMF_RES_MTP.bin	2858	e12ff9794060331f333ac9e024de2cad5055677a4d9724f9e2032c665c0b8534	copied	/mnt/c/Windows/System32/DriverStore/FileRepository/qccamfrontsensor_extension8480.inf_arm64_28cc61ce48b3fb94/CAMF_RES_MTP.bin
camera	qccamfrontsensor_extension8480.inf_arm64_28cc61ce48b3fb94	CAMF_RES_QRD.bin	2858	a09627efd9fa273e95a0d36a3232f4cd75e52b9d3f601514e4bf4db237304a56	copied	/mnt/c/Windows/System32/DriverStore/FileRepository/qccamfrontsensor_extension8480.inf_arm64_28cc61ce48b3fb94/CAMF_RES_QRD.bin
camera	qccamfrontsensor_extension8480.inf_arm64_28cc61ce48b3fb94	SCFG_FRONT_C2C.bin	131	642c1b8752d0508587e8ebe2d2eccfddbdc154324f5e46d5d10c591f30abb253	copied	/mnt/c/Windows/System32/DriverStore/FileRepository/qccamfrontsensor_extension8480.inf_arm64_28cc61ce48b3fb94/SCFG_FRONT_C2C.bin
camera	qccamfrontsensor_extension8480.inf_arm64_28cc61ce48b3fb94	SCFG_FRONT_MTP.bin	131	d9c01e6efc649954d1db775a2010500c9a85d8d874f5a4d1174d35c4365a518e	copied	/mnt/c/Windows/System32/DriverStore/FileRepository/qccamfrontsensor_extension8480.inf_arm64_28cc61ce48b3fb94/SCFG_FRONT_MTP.bin
camera	qccamfrontsensor_extension8480.inf_arm64_28cc61ce48b3fb94	SCFG_FRONT_MTP_COMBO.bin	133	50f6d7fc3d9d17caaddda980c00fe1075269cdefb9c0c96aa4aa0d8eb5d9ef80	copied	/mnt/c/Windows/System32/DriverStore/FileRepository/qccamfrontsensor_extension8480.inf_arm64_28cc61ce48b3fb94/SCFG_FRONT_MTP_COMBO.bin
camera	qccamfrontsensor_extension8480.inf_arm64_28cc61ce48b3fb94	SCFG_FRONT_QRD.bin	119	22dff6868bc8f1ee9bdef774966ed64bc84590416550b22ead15906765db7dc8	copied	/mnt/c/Windows/System32/DriverStore/FileRepository/qccamfrontsensor_extension8480.inf_arm64_28cc61ce48b3fb94/SCFG_FRONT_QRD.bin
camera	qccamfrontsensor_extension8480.inf_arm64_28cc61ce48b3fb94	com.qti.sensormodule.ov02c10.bin	220798	60c3e7db12e44a445abfadf2cd900d6b924d002b92911ec6a75bcc6e382a10d3	copied	/mnt/c/Windows/System32/DriverStore/FileRepository/qccamfrontsensor_extension8480.inf_arm64_28cc61ce48b3fb94/com.qti.sensormodule.ov02c10.bin
camera	qccamfrontsensor_extension8480.inf_arm64_28cc61ce48b3fb94	com.qti.sensormodule.ov02c10.json	1529	7101a7328ed65b33cf184a06b1d3eceb1afd88f79a7248a1181ab5fc693f188c	copied	/mnt/c/Windows/System32/DriverStore/FileRepository/qccamfrontsensor_extension8480.inf_arm64_28cc61ce48b3fb94/com.qti.sensormodule.ov02c10.json
camera	qccamfrontsensor_extension8480.inf_arm64_28cc61ce48b3fb94	com.qti.tuned.default.bin	8747464	63c725d074b1d744a6410d5ccf9c6aeb663e9d2f81dfd17266f0273c3c18848c	duplicate-of camera/qccamauxsensor_extension8480.inf_arm64_f064542e5ea9bbd7/com.qti.tuned.default.bin	/mnt/c/Windows/System32/DriverStore/FileRepository/qccamfrontsensor_extension8480.inf_arm64_28cc61ce48b3fb94/com.qti.tuned.default.bin
camera	qccamfrontsensor_extension8480.inf_arm64_28cc61ce48b3fb94	com.qti.tuned.ov02c10.bin	3583122	fdef9e55e304a95864089963b626288b9484dccbcc5113a8c5edb0923071fb12	copied	/mnt/c/Windows/System32/DriverStore/FileRepository/qccamfrontsensor_extension8480.inf_arm64_28cc61ce48b3fb94/com.qti.tuned.ov02c10.bin
camera	qccamisp8480.inf_arm64_e98717da2e40b374	CAMERA_ICP.mbn	483992	641bc75125a5ac67a9364702976f4966f47ab7c71bf342829ef9bfb9205e4ee8	copied	/mnt/c/Windows/System32/DriverStore/FileRepository/qccamisp8480.inf_arm64_e98717da2e40b374/CAMERA_ICP.mbn
camera	qccamisp8480.inf_arm64_e98717da2e40b374	CAMERA_ICP_AAAAAA.elf	2680160	a619236b5afe5d79185f33bc5c026a2cf255687ba8a30cbffc0927a7f9da0a68	copied	/mnt/c/Windows/System32/DriverStore/FileRepository/qccamisp8480.inf_arm64_e98717da2e40b374/CAMERA_ICP_AAAAAA.elf
camera	qccamisp_ext8480.inf_arm64_4a8dac2edf0ace3a	C2MD.bin	17846	19d1c7e4e5538a7b1000c4677f0d625c27aae76b38f8af923801bf17a516ee96	copied	/mnt/c/Windows/System32/DriverStore/FileRepository/qccamisp_ext8480.inf_arm64_4a8dac2edf0ace3a/C2MD.bin
camera	qccamisp_ext8480.inf_arm64_4a8dac2edf0ace3a	CIPF.bin	2092	d17d7005e15518fc045b23f6bb0854a755165b0c5b3a5d9b30f20753cbe6b164	copied	/mnt/c/Windows/System32/DriverStore/FileRepository/qccamisp_ext8480.inf_arm64_4a8dac2edf0ace3a/CIPF.bin
camera	qccamisp_ext8480.inf_arm64_4a8dac2edf0ace3a	IRS1.bin	651	79c1dce5da32061d06b71e82c7e7cbcc079898863fc478bf7c5bc02cb24a139a	copied	/mnt/c/Windows/System32/DriverStore/FileRepository/qccamisp_ext8480.inf_arm64_4a8dac2edf0ace3a/IRS1.bin
camera	qccamisp_ext8480.inf_arm64_4a8dac2edf0ace3a	IRS2.bin	765	d2d7b21a1f434b936643e65e36b126eea916050db28474765ed1c537d91845d4	copied	/mnt/c/Windows/System32/DriverStore/FileRepository/qccamisp_ext8480.inf_arm64_4a8dac2edf0ace3a/IRS2.bin
camera	qccamisp_ext8480.inf_arm64_4a8dac2edf0ace3a	IRS3.bin	208	02ca12c579208f452638005f6bd9a815a646474517db2e6c0be2db01acdcd841	copied	/mnt/c/Windows/System32/DriverStore/FileRepository/qccamisp_ext8480.inf_arm64_4a8dac2edf0ace3a/IRS3.bin
camera	qccamjpege8480.inf_arm64_1238b2150666ecc9	C0MD.bin	3043	65061244812aa4673fa2b206b5e86c43b08724870523cf0fe1be7897ff9750d0	copied	/mnt/c/Windows/System32/DriverStore/FileRepository/qccamjpege8480.inf_arm64_1238b2150666ecc9/C0MD.bin
camera	qccamjpege8480.inf_arm64_1238b2150666ecc9	C0PF.bin	348	41bbec69958e19b7dce2e709a2a8050df77d83494fcca78aa85daae6eab6d9c8	copied	/mnt/c/Windows/System32/DriverStore/FileRepository/qccamjpege8480.inf_arm64_1238b2150666ecc9/C0PF.bin
camera	qccammipicsi_ext8480.inf_arm64_c3080b3a08e84560	C1KD.bin	5025	21c3c24e2c22b7ec80233a8a280c812a7a6622a632a25c96ec2aad8079f91645	copied	/mnt/c/Windows/System32/DriverStore/FileRepository/qccammipicsi_ext8480.inf_arm64_c3080b3a08e84560/C1KD.bin
camera	qccammipicsi_ext8480.inf_arm64_c3080b3a08e84560	C1MD.bin	7517	31c5cea816c5525079c734ec16226f5611c0603407d60b47e26809f1b0044c92	copied	/mnt/c/Windows/System32/DriverStore/FileRepository/qccammipicsi_ext8480.inf_arm64_c3080b3a08e84560/C1MD.bin
camera	qccammipicsi_ext8480.inf_arm64_c3080b3a08e84560	C1PF.bin	963	199fa3c50ce87624587f96efbfbe4c1110304c62ddb00178a331cd561cf0fcf9	copied	/mnt/c/Windows/System32/DriverStore/FileRepository/qccammipicsi_ext8480.inf_arm64_c3080b3a08e84560/C1PF.bin
camera	qccammipicsi_ext8480.inf_arm64_c3080b3a08e84560	C1PG.bin	646	2d11a11af7dbe9a4f94821f10a1fc24426ac8a81ad98dae512a5002b5d94f4d6	copied	/mnt/c/Windows/System32/DriverStore/FileRepository/qccammipicsi_ext8480.inf_arm64_c3080b3a08e84560/C1PG.bin
camera	qccamplatform8480.inf_arm64_a7fe7fcf8fe2855c	com.qti.tuned.default.bin	8747464	63c725d074b1d744a6410d5ccf9c6aeb663e9d2f81dfd17266f0273c3c18848c	duplicate-of camera/qccamauxsensor_extension8480.inf_arm64_f064542e5ea9bbd7/com.qti.tuned.default.bin	/mnt/c/Windows/System32/DriverStore/FileRepository/qccamplatform8480.inf_arm64_a7fe7fcf8fe2855c/com.qti.tuned.default.bin
camera	qccamplatform_ext8480.inf_arm64_18c28821410c7a41	CAMP_PCFG_MTP.bin	232	4c2d7700e56a0c3cd60bd4985d436339e93889388dc5c4983178967ea051eff9	copied	/mnt/c/Windows/System32/DriverStore/FileRepository/qccamplatform_ext8480.inf_arm64_18c28821410c7a41/CAMP_PCFG_MTP.bin
camera	qccamplatform_ext8480.inf_arm64_18c28821410c7a41	CAMP_PCFG_QRD.bin	232	4e6f5fbdacf5863696d6773bcb38556615c92387bb9c23dfcb08f43e3730c1f3	copied	/mnt/c/Windows/System32/DriverStore/FileRepository/qccamplatform_ext8480.inf_arm64_18c28821410c7a41/CAMP_PCFG_QRD.bin
camera	qccamplatform_ext8480.inf_arm64_18c28821410c7a41	CAMP_PERF_MTP.bin	2271	3ce3e0917cc400b851899972ef502d1c771bcddd900abb931f6897d645d61d76	copied	/mnt/c/Windows/System32/DriverStore/FileRepository/qccamplatform_ext8480.inf_arm64_18c28821410c7a41/CAMP_PERF_MTP.bin
camera	qccamplatform_ext8480.inf_arm64_18c28821410c7a41	CAMP_PERF_QRD.bin	2271	3ce3e0917cc400b851899972ef502d1c771bcddd900abb931f6897d645d61d76	duplicate-of camera/qccamplatform_ext8480.inf_arm64_18c28821410c7a41/CAMP_PERF_MTP.bin	/mnt/c/Windows/System32/DriverStore/FileRepository/qccamplatform_ext8480.inf_arm64_18c28821410c7a41/CAMP_PERF_QRD.bin
camera	qccamplatform_ext8480.inf_arm64_18c28821410c7a41	CAMP_PRLD_QRD.bin	88	6f9e940b9c9ea4b776f50eb6bc0b7633db10a9726ac2085715996d27bb8265fd	copied	/mnt/c/Windows/System32/DriverStore/FileRepository/qccamplatform_ext8480.inf_arm64_18c28821410c7a41/CAMP_PRLD_QRD.bin
camera	qccamplatform_ext8480.inf_arm64_18c28821410c7a41	CAMP_RES_MTP.bin	16659	9f53bf4faa86ff0ea4a0988d0b763bffbd4bbb09addf99f5bba693d75b3df32a	copied	/mnt/c/Windows/System32/DriverStore/FileRepository/qccamplatform_ext8480.inf_arm64_18c28821410c7a41/CAMP_RES_MTP.bin
camera	qccamplatform_ext8480.inf_arm64_18c28821410c7a41	CAMP_RES_QRD.bin	16473	efa4a4cd16241c7c5adce1bd6a907e44e28cf8e68ced99be2dcd6f8add5c73b5	copied	/mnt/c/Windows/System32/DriverStore/FileRepository/qccamplatform_ext8480.inf_arm64_18c28821410c7a41/CAMP_RES_QRD.bin
camera	qccamsecureisp8480.inf_arm64_76463af9900c116f	bm5a73v08s13n77.bin	303104	a7c2e98163ea50d9d40872f6e70e146d1d68594c718f58339a9ecaaa7c438204	copied	/mnt/c/Windows/System32/DriverStore/FileRepository/qccamsecureisp8480.inf_arm64_76463af9900c116f/bm5a73v08s13n77.bin
camera	qccamsecureisp8480.inf_arm64_76463af9900c116f	bm5a75v08s13n00.bin	5249896	0ce08887fc46c6327938602f07317fadd83548f5b1223ee8c15103c6ae78b790	copied	/mnt/c/Windows/System32/DriverStore/FileRepository/qccamsecureisp8480.inf_arm64_76463af9900c116f/bm5a75v08s13n00.bin
camera	qccamsecureisp8480.inf_arm64_76463af9900c116f	bm5a75v08s13n01.bin	5222688	2b116b672dff9dcadb550358bfea38af76cfb1bc751ec80706e460a2e882973b	copied	/mnt/c/Windows/System32/DriverStore/FileRepository/qccamsecureisp8480.inf_arm64_76463af9900c116f/bm5a75v08s13n01.bin
camera	qccamsecureisp_ext8480.inf_arm64_5b3372671cfa4103	C0SP.bin	481	09ac43c5868a0048b45d36d339dac18ec5de0afe53addc24ab84f48892070a51	copied	/mnt/c/Windows/System32/DriverStore/FileRepository/qccamsecureisp_ext8480.inf_arm64_5b3372671cfa4103/C0SP.bin
camera	qccamsecureisp_ext8480.inf_arm64_5b3372671cfa4103	C1SP.bin	3262	1355fecbe49f2b6fe87b33aa9763175e9f86115c6b780b883b3cbcfe5eecc32e	copied	/mnt/c/Windows/System32/DriverStore/FileRepository/qccamsecureisp_ext8480.inf_arm64_5b3372671cfa4103/C1SP.bin
gpu-video	qcdx8480.inf_arm64_33cc9319e871e878	VulkanRT-License.txt	4008	404deb98dabf3e54bf9070d59676b31d69a3da2f9f6e56bdf09ad315c04c718c	copied	/mnt/c/Windows/System32/DriverStore/FileRepository/qcdx8480.inf_arm64_33cc9319e871e878/VulkanRT-License.txt
gpu-video	qcdx8480.inf_arm64_33cc9319e871e878	qcav1e8480.mbn	4607848	f031b4d66247f4aef51dc3e54a9bfa91049f8a9b9e1fce7f4f6b88f6d8dda472	copied	/mnt/c/Windows/System32/DriverStore/FileRepository/qcdx8480.inf_arm64_33cc9319e871e878/qcav1e8480.mbn
gpu-video	qcdx8480.inf_arm64_33cc9319e871e878	qcdxkmbase8480_185.bin	187257	a501f53c2565c661322056e9471fdf7f62a159a254bfb17d1bdc3cef94838a9a	copied	/mnt/c/Windows/System32/DriverStore/FileRepository/qcdx8480.inf_arm64_33cc9319e871e878/qcdxkmbase8480_185.bin
gpu-video	qcdx8480.inf_arm64_33cc9319e871e878	qcdxkmbase8480_ma_091.bin	115728	590ac149fc821fd921a64d6a94ad899971f378202afbf2c4be934144d5cdea7f	copied	/mnt/c/Windows/System32/DriverStore/FileRepository/qcdx8480.inf_arm64_33cc9319e871e878/qcdxkmbase8480_ma_091.bin
gpu-video	qcdx8480.inf_arm64_33cc9319e871e878	qcdxkmbase8480_ma_096.bin	115843	21d4e505ef7e70972ae6ab63e2eac855c390d841ae50a629fa5621f7ad18b0ad	copied	/mnt/c/Windows/System32/DriverStore/FileRepository/qcdx8480.inf_arm64_33cc9319e871e878/qcdxkmbase8480_ma_096.bin
gpu-video	qcdx8480.inf_arm64_33cc9319e871e878	qcdxkmbase8480_ma_185.bin	116418	9469a3e4ba89da4ecb1337ae2c0bce5dbf78973f6f5e85b25e9f22ed640b315f	copied	/mnt/c/Windows/System32/DriverStore/FileRepository/qcdx8480.inf_arm64_33cc9319e871e878/qcdxkmbase8480_ma_185.bin
gpu-video	qcdx8480.inf_arm64_33cc9319e871e878	qcdxkmsuc8480.mbn	12088	d5e4a8aef6bcf2a6fe0edc019b83dd5e8a36452999d265db99c7ca1291ccc3c6	copied	/mnt/c/Windows/System32/DriverStore/FileRepository/qcdx8480.inf_arm64_33cc9319e871e878/qcdxkmsuc8480.mbn
gpu-video	qcdx8480.inf_arm64_33cc9319e871e878	qcvk_icd_arm64x.json	144	f221640b66629913e21b3cc2effdfe7fb085353c706be54a6f4cff7130dc0c30	copied	/mnt/c/Windows/System32/DriverStore/FileRepository/qcdx8480.inf_arm64_33cc9319e871e878/qcvk_icd_arm64x.json
gpu-video	qcdx8480.inf_arm64_33cc9319e871e878	qcvss8480.mbn	2511560	7e156984648041748074f0e981caf478428d136bc322bf41a52d4ba4dbab4a13	copied	/mnt/c/Windows/System32/DriverStore/FileRepository/qcdx8480.inf_arm64_33cc9319e871e878/qcvss8480.mbn
gpu-video	qcdx8480.inf_arm64_e11dd2e33e0b42d3	VulkanRT-License.txt	4008	cd980c984ab93374eae195d533990d6af57b81f4dffbb3f602f4390977e8dd54	copied	/mnt/c/Windows/System32/DriverStore/FileRepository/qcdx8480.inf_arm64_e11dd2e33e0b42d3/VulkanRT-License.txt
gpu-video	qcdx8480.inf_arm64_e11dd2e33e0b42d3	qcav1e8480.mbn	4607848	645e1d362f234b5673751897fb14c460da8911f1cc34a4d659e86d03eeba9f69	copied	/mnt/c/Windows/System32/DriverStore/FileRepository/qcdx8480.inf_arm64_e11dd2e33e0b42d3/qcav1e8480.mbn
gpu-video	qcdx8480.inf_arm64_e11dd2e33e0b42d3	qcdxkmbase8480_185.bin	187257	41e3c0f700c16fca4f94f09e0eb60395fb3f824c2306d04c8ee3c57290dca762	copied	/mnt/c/Windows/System32/DriverStore/FileRepository/qcdx8480.inf_arm64_e11dd2e33e0b42d3/qcdxkmbase8480_185.bin
gpu-video	qcdx8480.inf_arm64_e11dd2e33e0b42d3	qcdxkmbase8480_ma_091.bin	115728	ca20516809fd2ff978a3e38273ab37ca58ea9b3a9883318ea78206b2e84b400c	copied	/mnt/c/Windows/System32/DriverStore/FileRepository/qcdx8480.inf_arm64_e11dd2e33e0b42d3/qcdxkmbase8480_ma_091.bin
gpu-video	qcdx8480.inf_arm64_e11dd2e33e0b42d3	qcdxkmbase8480_ma_096.bin	115843	a9e72609432169c8806fe31d71c93a9be37c15b55d164b33eb3933b416cddcb1	copied	/mnt/c/Windows/System32/DriverStore/FileRepository/qcdx8480.inf_arm64_e11dd2e33e0b42d3/qcdxkmbase8480_ma_096.bin
gpu-video	qcdx8480.inf_arm64_e11dd2e33e0b42d3	qcdxkmbase8480_ma_185.bin	116418	c1ebfc8bd7d4ae1f980917edefe196f51b714fe5b671807862de1b87d0ac8430	copied	/mnt/c/Windows/System32/DriverStore/FileRepository/qcdx8480.inf_arm64_e11dd2e33e0b42d3/qcdxkmbase8480_ma_185.bin
gpu-video	qcdx8480.inf_arm64_e11dd2e33e0b42d3	qcdxkmsuc8480.mbn	12088	bd1a2d6735dc0507ace397ab868c05d70b286a30ea4a57e16771e272a045b5db	copied	/mnt/c/Windows/System32/DriverStore/FileRepository/qcdx8480.inf_arm64_e11dd2e33e0b42d3/qcdxkmsuc8480.mbn
gpu-video	qcdx8480.inf_arm64_e11dd2e33e0b42d3	qcvk_icd_arm64x.json	144	f221640b66629913e21b3cc2effdfe7fb085353c706be54a6f4cff7130dc0c30	duplicate-of gpu-video/qcdx8480.inf_arm64_33cc9319e871e878/qcvk_icd_arm64x.json	/mnt/c/Windows/System32/DriverStore/FileRepository/qcdx8480.inf_arm64_e11dd2e33e0b42d3/qcvk_icd_arm64x.json
gpu-video	qcdx8480.inf_arm64_e11dd2e33e0b42d3	qcvss8480.mbn	2503368	cb696e6dd56a7e5ec2d1b09295c26ac5b6c239f63c6114a66a5839d89d3b1fd1	copied	/mnt/c/Windows/System32/DriverStore/FileRepository/qcdx8480.inf_arm64_e11dd2e33e0b42d3/qcvss8480.mbn
gpu-video	qcdxext_crd8480.inf_arm64_def5f55d999f7c11	qcdxkmext8480_CRD.bin	434221	8865340471f038b02d203825612cbac3d6c2f4962f23fde00aeba74e54389e5a	copied	/mnt/c/Windows/System32/DriverStore/FileRepository/qcdxext_crd8480.inf_arm64_def5f55d999f7c11/qcdxkmext8480_CRD.bin
gpu-video	qcdxext_qcdpps8480.inf_arm64_071ec6a88966d059	LTMConfig.xml	3609	c5cd150bf7676fcec4f8ba49dfb84deb22e7fc724ad0ec1df7dfbbf4428f5b3f	copied	/mnt/c/Windows/System32/DriverStore/FileRepository/qcdxext_qcdpps8480.inf_arm64_071ec6a88966d059/LTMConfig.xml
gpu-video	qceva8480.inf_arm64_6aa86ad9d6d7f239	evass.mbn	1794664	69dc6a415c8ee6731a2c37c7f39ef3018324a1cf10ec22af3d8f46adf8e68d15	copied	/mnt/c/Windows/System32/DriverStore/FileRepository/qceva8480.inf_arm64_6aa86ad9d6d7f239/evass.mbn
gpu-video	qceva_ext8480.inf_arm64_39bbde66ff66762e	EVMD.bin	4423	5b821e52bcb78577ee83cd11c42a404f1c2f64e4f06668b2dc4d468dcf5b30f6	copied	/mnt/c/Windows/System32/DriverStore/FileRepository/qceva_ext8480.inf_arm64_39bbde66ff66762e/EVMD.bin
gpu-video	qceva_ext8480.inf_arm64_39bbde66ff66762e	EVPF.bin	506	be2c76529676c35b2ae72759fa85f1dc3ed4b79315bc79965924f3c5489e9698	copied	/mnt/c/Windows/System32/DriverStore/FileRepository/qceva_ext8480.inf_arm64_39bbde66ff66762e/EVPF.bin
platform	qcmptfdevice8480.inf_arm64_f0ec3f04ff6015ae	MptfBlob1.bin	1462	eb99e7cd68ac2677ef97a43b6d46bed5c7a7ed39ef7007247fcda7137a4f4fab	copied	/mnt/c/Windows/System32/DriverStore/FileRepository/qcmptfdevice8480.inf_arm64_f0ec3f04ff6015ae/MptfBlob1.bin
platform	qcmptfdevice8480.inf_arm64_f0ec3f04ff6015ae	MptfBlob2.bin	1465	a77c52fb92da76008f073702ed1950751a55d855d213940c4dd93433832e5cd9	copied	/mnt/c/Windows/System32/DriverStore/FileRepository/qcmptfdevice8480.inf_arm64_f0ec3f04ff6015ae/MptfBlob2.bin
platform	qcmptfdevice8480.inf_arm64_f0ec3f04ff6015ae	MptfBlob3.bin	1474	4c7cffec5a4572cb69f4a8cd2cf894a5bb80523c30d90a3917a9a13d073c4888	copied	/mnt/c/Windows/System32/DriverStore/FileRepository/qcmptfdevice8480.inf_arm64_f0ec3f04ff6015ae/MptfBlob3.bin
platform	qcmptfdevice8480.inf_arm64_f0ec3f04ff6015ae	MptfBlob4.bin	1440	8cfc52d4c80f99cc170bb385046bfb278da2b181a10842a9bd41279dc80e086d	copied	/mnt/c/Windows/System32/DriverStore/FileRepository/qcmptfdevice8480.inf_arm64_f0ec3f04ff6015ae/MptfBlob4.bin
cdsp	qcnspmcdm8480.inf_arm64_4feba84cfc7ee278	fastrpc_shell_3	1442916	61301ad82965b291d868989bf224ebe464501d38ea786c8f4ef3231eea6f22d5	copied	/mnt/c/Windows/System32/DriverStore/FileRepository/qcnspmcdm8480.inf_arm64_4feba84cfc7ee278/CDSP/fastrpc_shell_3
cdsp	qcnspmcdm8480.inf_arm64_4feba84cfc7ee278	fastrpc_shell_unsigned_3	1462216	b65b25e7c399f5272920e5d2b9f3197164b9eb1818194cb44339bc89f603b1f8	copied	/mnt/c/Windows/System32/DriverStore/FileRepository/qcnspmcdm8480.inf_arm64_4feba84cfc7ee278/CDSP/fastrpc_shell_unsigned_3
cdsp	qcnspmcdm8480.inf_arm64_4feba84cfc7ee278	cdsp_dtbs.elf	69432	9bee104a48d4aac647287d6c1454df170c1cff7158a2352711fd1e2163ea6d1d	already-in-repo firmware/qcom/glymur/ASUSTeK/UX3607OA/cdsp_dtbs.elf	/mnt/c/Windows/System32/DriverStore/FileRepository/qcnspmcdm8480.inf_arm64_4feba84cfc7ee278/cdsp_dtbs.elf
cdsp	qcnspmcdm8480.inf_arm64_4feba84cfc7ee278	qccdsp8480.mbn	3252504	acf13d29288d283793f418a36650e8a261eed927d30de109a59cb2210f458794	already-in-repo firmware/qcom/glymur/ASUSTeK/UX3607OA/qccdsp8480.mbn	/mnt/c/Windows/System32/DriverStore/FileRepository/qcnspmcdm8480.inf_arm64_4feba84cfc7ee278/qccdsp8480.mbn
platform	qcqstfconfig8480.inf_arm64_20463fa6f6fab7d8	QSTFConfigFile.bin	19416	dda3c53f2cf3c62d64a9b81f4b873f4efaffe68a125149d13e91ad2e181008d4	copied	/mnt/c/Windows/System32/DriverStore/FileRepository/qcqstfconfig8480.inf_arm64_20463fa6f6fab7d8/QSTFConfigFile.bin
platform	qcqstfconfig8480.inf_arm64_409eb61f67f896fb	QSTFConfigFile.bin	11686	6595c2e71ea771cd6580bc01c01ebc01efebdfdefb8a9cbc1aacc03f96260969	copied	/mnt/c/Windows/System32/DriverStore/FileRepository/qcqstfconfig8480.inf_arm64_409eb61f67f896fb/QSTFConfigFile.bin
platform	qcrng8480.inf_arm64_bc614c44c45cf833	RNGF.bin	333	51e97d68ffd76e0b49ad90e661f237352acc4d2aad39a0663b3aefe4328ca1df	copied	/mnt/c/Windows/System32/DriverStore/FileRepository/qcrng8480.inf_arm64_bc614c44c45cf833/RNGF.bin
platform	qcscm8480.inf_arm64_62eecada8dfc5237	SCMF.bin	269	675444f3dc3eaf7fca95d26ba7247baea0ddec28e41c6e7d31362fa20f6bc121	copied	/mnt/c/Windows/System32/DriverStore/FileRepository/qcscm8480.inf_arm64_62eecada8dfc5237/SCMF.bin
sensors	qcsensorsconfigcrd8480.inf_arm64_af945997cc98c4c3	8480_ccd_base.json	360	1d7251fbb9b82d38e65528abebe4c32b3f6b728a4902e4bdb3ca3881b16c8e6a	copied	/mnt/c/Windows/System32/DriverStore/FileRepository/qcsensorsconfigcrd8480.inf_arm64_af945997cc98c4c3/8480_ccd_base.json
sensors	qcsensorsconfigcrd8480.inf_arm64_af945997cc98c4c3	8480_crd_lsm6dsv_0.json	7119	a1335043b2c47641d3a0efeac6c1b04913ffb18439d24ef4370821015bb0b1f6	copied	/mnt/c/Windows/System32/DriverStore/FileRepository/qcsensorsconfigcrd8480.inf_arm64_af945997cc98c4c3/8480_crd_lsm6dsv_0.json
sensors	qcsensorsconfigcrd8480.inf_arm64_af945997cc98c4c3	8480_crd_lsm6dsv_1.json	7120	c77a7fe256fac47d2ace9ddef1a3c6578c0434a195cc9bd6743dc6345c0df2ea	copied	/mnt/c/Windows/System32/DriverStore/FileRepository/qcsensorsconfigcrd8480.inf_arm64_af945997cc98c4c3/8480_crd_lsm6dsv_1.json
sensors	qcsensorsconfigcrd8480.inf_arm64_af945997cc98c4c3	8480_crd_mmc56x3x_0.json	4482	6bfd5c90ab0f809d3e14246b2bc3d05a128cdac4070e1fe6eaf39b09e92c9112	copied	/mnt/c/Windows/System32/DriverStore/FileRepository/qcsensorsconfigcrd8480.inf_arm64_af945997cc98c4c3/8480_crd_mmc56x3x_0.json
sensors	qcsensorsconfigcrd8480.inf_arm64_af945997cc98c4c3	8480_crd_r2_lsm6dsv_0.json	7114	b8dea904bc96e79813dc8a6e4ab44b43e748ba67b25e586f3f4b8cc593025a98	copied	/mnt/c/Windows/System32/DriverStore/FileRepository/qcsensorsconfigcrd8480.inf_arm64_af945997cc98c4c3/8480_crd_r2_lsm6dsv_0.json
sensors	qcsensorsconfigcrd8480.inf_arm64_af945997cc98c4c3	8480_crd_r2_lsm6dsv_1.json	7115	664c5f5bf0a9e76a6d8495a86626447989351108b17bfb9ed1395da76dbfc407	copied	/mnt/c/Windows/System32/DriverStore/FileRepository/qcsensorsconfigcrd8480.inf_arm64_af945997cc98c4c3/8480_crd_r2_lsm6dsv_1.json
sensors	qcsensorsconfigcrd8480.inf_arm64_af945997cc98c4c3	8480_crd_tcs3530_0.json	22430	9b4930de0274386b8fe8df4fa5bafd7e2a9ddab6b1b4771a3d3d880def912ee4	copied	/mnt/c/Windows/System32/DriverStore/FileRepository/qcsensorsconfigcrd8480.inf_arm64_af945997cc98c4c3/8480_crd_tcs3530_0.json
sensors	qcsensorsconfigcrd8480.inf_arm64_af945997cc98c4c3	8480_default_sensors.json	6158	c154105f19c670862bd8308ce96bb44e6415db836feae058f34e6642c5bff0d8	copied	/mnt/c/Windows/System32/DriverStore/FileRepository/qcsensorsconfigcrd8480.inf_arm64_af945997cc98c4c3/8480_default_sensors.json
sensors	qcsensorsconfigcrd8480.inf_arm64_af945997cc98c4c3	8480_dynamic_sensors.json	558	893d1ff14366f1342208af9949765aa0908b62c6f2d2e973075cb0e7c0ff6c08	copied	/mnt/c/Windows/System32/DriverStore/FileRepository/qcsensorsconfigcrd8480.inf_arm64_af945997cc98c4c3/8480_dynamic_sensors.json
sensors	qcsensorsconfigcrd8480.inf_arm64_af945997cc98c4c3	8480_idp_cob_lsm6dsv_0.json	423	dd0f8851938491b68c3b240e2d8fcbdc429307d0327c339ac17aa69b516fe564	copied	/mnt/c/Windows/System32/DriverStore/FileRepository/qcsensorsconfigcrd8480.inf_arm64_af945997cc98c4c3/8480_idp_cob_lsm6dsv_0.json
sensors	qcsensorsconfigcrd8480.inf_arm64_af945997cc98c4c3	8480_idp_cob_lsm6dsv_1.json	423	2d7bc18e0fd6a60a3c401489b6441ded99a7f0ace47a4619a82d282093489f53	copied	/mnt/c/Windows/System32/DriverStore/FileRepository/qcsensorsconfigcrd8480.inf_arm64_af945997cc98c4c3/8480_idp_cob_lsm6dsv_1.json
sensors	qcsensorsconfigcrd8480.inf_arm64_af945997cc98c4c3	8480_idp_lsm6dsv_0.json	423	101ab1983fa9635e3bdd25ed73b39525e8ce530560f3e1ab93b658b3d8379530	copied	/mnt/c/Windows/System32/DriverStore/FileRepository/qcsensorsconfigcrd8480.inf_arm64_af945997cc98c4c3/8480_idp_lsm6dsv_0.json
sensors	qcsensorsconfigcrd8480.inf_arm64_af945997cc98c4c3	8480_idp_lsm6dsv_1.json	423	84a7dd90e046aed24008eab0459692f2fdd86841e980c6c495c9539574eb222c	copied	/mnt/c/Windows/System32/DriverStore/FileRepository/qcsensorsconfigcrd8480.inf_arm64_af945997cc98c4c3/8480_idp_lsm6dsv_1.json
sensors	qcsensorsconfigcrd8480.inf_arm64_af945997cc98c4c3	8480_idp_mmc56x3x_0.json	3033	ad81265e0593f0c81727d70e9c6d7774dd39a383305b6a1a363da4d2f20d7df0	copied	/mnt/c/Windows/System32/DriverStore/FileRepository/qcsensorsconfigcrd8480.inf_arm64_af945997cc98c4c3/8480_idp_mmc56x3x_0.json
sensors	qcsensorsconfigcrd8480.inf_arm64_af945997cc98c4c3	8480_idp_tcs3530_0.json	22459	346ec9df22e0488a030c46d3816773daafa04179c2a99c005a5654586210b8aa	copied	/mnt/c/Windows/System32/DriverStore/FileRepository/qcsensorsconfigcrd8480.inf_arm64_af945997cc98c4c3/8480_idp_tcs3530_0.json
sensors	qcsensorsconfigcrd8480.inf_arm64_af945997cc98c4c3	8480_irq.json	176	87b5a30928ce5e58a8003da469aea1b4a77a58569f09f9f48ef8d29f4bca9fc8	copied	/mnt/c/Windows/System32/DriverStore/FileRepository/qcsensorsconfigcrd8480.inf_arm64_af945997cc98c4c3/8480_irq.json
sensors	qcsensorsconfigcrd8480.inf_arm64_af945997cc98c4c3	8480_lps22df_0.json	3479	79632f89b6c855f8e98832770744dde45d253bf0d1310bd98eb6c83ead862141	copied	/mnt/c/Windows/System32/DriverStore/FileRepository/qcsensorsconfigcrd8480.inf_arm64_af945997cc98c4c3/8480_lps22df_0.json
sensors	qcsensorsconfigcrd8480.inf_arm64_af945997cc98c4c3	8480_lsm6dsv_0.json	6841	9c9427fc28e5e6cc1563239e60183fbc64a3cf0b23dde1fab179036e79394913	copied	/mnt/c/Windows/System32/DriverStore/FileRepository/qcsensorsconfigcrd8480.inf_arm64_af945997cc98c4c3/8480_lsm6dsv_0.json
sensors	qcsensorsconfigcrd8480.inf_arm64_af945997cc98c4c3	8480_lsm6dsv_1.json	6842	6a356b5cb2e9387315d382a5fb78e815ba540900013320cbe29168663595df0a	copied	/mnt/c/Windows/System32/DriverStore/FileRepository/qcsensorsconfigcrd8480.inf_arm64_af945997cc98c4c3/8480_lsm6dsv_1.json
sensors	qcsensorsconfigcrd8480.inf_arm64_af945997cc98c4c3	8480_mmc56x3x_0.json	1656	f7fafe946b8f7d74b8d34f72027bf8b77623f5ecf35a80e20aa8ce8a857f1876	copied	/mnt/c/Windows/System32/DriverStore/FileRepository/qcsensorsconfigcrd8480.inf_arm64_af945997cc98c4c3/8480_mmc56x3x_0.json
sensors	qcsensorsconfigcrd8480.inf_arm64_af945997cc98c4c3	8480_power_0.json	398	bbb3374e285066e16d11b527156d0efd004c40c758820e21864f3a051ced993a	copied	/mnt/c/Windows/System32/DriverStore/FileRepository/qcsensorsconfigcrd8480.inf_arm64_af945997cc98c4c3/8480_power_0.json
sensors	qcsensorsconfigcrd8480.inf_arm64_af945997cc98c4c3	8480_qsh_ble_0.json	260	f0e6880dc60c0d27dc381a382e37ff552c917dbbd689653767574a932ce83c0a	copied	/mnt/c/Windows/System32/DriverStore/FileRepository/qcsensorsconfigcrd8480.inf_arm64_af945997cc98c4c3/8480_qsh_ble_0.json
sensors	qcsensorsconfigcrd8480.inf_arm64_af945997cc98c4c3	8480_veml3328_0.json	597	c6de5671fca215414eba8beec11af86d0b54d6d48050674951feb2e97d174a35	copied	/mnt/c/Windows/System32/DriverStore/FileRepository/qcsensorsconfigcrd8480.inf_arm64_af945997cc98c4c3/8480_veml3328_0.json
sensors	qcsensorsconfigcrd8480.inf_arm64_af945997cc98c4c3	8480_veml3328_0_display.json	9669	e632e32f31850fc186c9c42ed07f12af01017ca3677d7d51ce99fb650cf570e5	copied	/mnt/c/Windows/System32/DriverStore/FileRepository/qcsensorsconfigcrd8480.inf_arm64_af945997cc98c4c3/8480_veml3328_0_display.json
sensors	qcsensorsconfigcrd8480.inf_arm64_af945997cc98c4c3	8480_vertigo_lsm6dsv_0.json	431	e2f5f90444a0e5b8ae088934c0ba8bb5c1decc8bcdbdab4fe71adbbc7d3b7b5d	copied	/mnt/c/Windows/System32/DriverStore/FileRepository/qcsensorsconfigcrd8480.inf_arm64_af945997cc98c4c3/8480_vertigo_lsm6dsv_0.json
sensors	qcsensorsconfigcrd8480.inf_arm64_af945997cc98c4c3	8480_vertigo_lsm6dsv_1.json	431	f32c1cc61db0b296e324543501b422c80e4374a72ab57c641298330bfcb40f1c	copied	/mnt/c/Windows/System32/DriverStore/FileRepository/qcsensorsconfigcrd8480.inf_arm64_af945997cc98c4c3/8480_vertigo_lsm6dsv_1.json
sensors	qcsensorsconfigcrd8480.inf_arm64_af945997cc98c4c3	8480_vertigo_mmc56x3x_0.json	3034	8e140da78931958bf59d74bf7f674f433cc258b2e3c11176a9dbdeab25eb6abb	copied	/mnt/c/Windows/System32/DriverStore/FileRepository/qcsensorsconfigcrd8480.inf_arm64_af945997cc98c4c3/8480_vertigo_mmc56x3x_0.json
sensors	qcsensorsconfigcrd8480.inf_arm64_af945997cc98c4c3	hw_platform	5	7cd7deac296297e640d0a527734b7e3fe19d40c52559ab33861030ffcc0c9b92	copied	/mnt/c/Windows/System32/DriverStore/FileRepository/qcsensorsconfigcrd8480.inf_arm64_af945997cc98c4c3/hw_platform
sensors	qcsensorsconfigcrd8480.inf_arm64_af945997cc98c4c3	imx688_2.pb	5479	10d05748bc98b602f959ad49a7577c3bd730822868b3fd5b5c46dced3bb70145	copied	/mnt/c/Windows/System32/DriverStore/FileRepository/qcsensorsconfigcrd8480.inf_arm64_af945997cc98c4c3/imx688_2.pb
sensors	qcsensorsconfigcrd8480.inf_arm64_af945997cc98c4c3	ov02c10_2.pb	8397	2c07226ec770b5c6b9f69024655eaf4451e1d4ddd23a8039072bfec8317ce995	copied	/mnt/c/Windows/System32/DriverStore/FileRepository/qcsensorsconfigcrd8480.inf_arm64_af945997cc98c4c3/ov02c10_2.pb
sensors	qcsensorsconfigcrd8480.inf_arm64_af945997cc98c4c3	ov08x_2.pb	9904	3b074a9575bab02a2d984234d31cb2bd513c4ad0efa1cb35d118eb4cd71555ec	copied	/mnt/c/Windows/System32/DriverStore/FileRepository/qcsensorsconfigcrd8480.inf_arm64_af945997cc98c4c3/ov08x_2.pb
sensors	qcsensorsconfigcrd8480.inf_arm64_af945997cc98c4c3	ov08x_3.pb	9902	6bd75646b8398845f2ed8c28e2ad467b7a2ceea4fd1c3e32181cdabbf7aa7efc	copied	/mnt/c/Windows/System32/DriverStore/FileRepository/qcsensorsconfigcrd8480.inf_arm64_af945997cc98c4c3/ov08x_3.pb
sensors	qcsensorsconfigcrd8480.inf_arm64_af945997cc98c4c3	platform_subtype	9	ad04573d7fea3437f279cc35597362ecb622c944d5618d504ec6289aa8fe32bf	copied	/mnt/c/Windows/System32/DriverStore/FileRepository/qcsensorsconfigcrd8480.inf_arm64_af945997cc98c4c3/platform_subtype
sensors	qcsensorsconfigcrd8480.inf_arm64_af945997cc98c4c3	platform_subtype_id	3	13bf7b3039c63bf5a50491fa3cfd8eb4e699d1ba1436315aef9cbe5711530354	copied	/mnt/c/Windows/System32/DriverStore/FileRepository/qcsensorsconfigcrd8480.inf_arm64_af945997cc98c4c3/platform_subtype_id
sensors	qcsensorsconfigcrd8480.inf_arm64_af945997cc98c4c3	platform_version	7	a64fd7d7336b2fed537d717124d71b3eecb3b9b585cae2054e94d2705e634255	copied	/mnt/c/Windows/System32/DriverStore/FileRepository/qcsensorsconfigcrd8480.inf_arm64_af945997cc98c4c3/platform_version
sensors	qcsensorsconfigcrd8480.inf_arm64_af945997cc98c4c3	qsh_battery.json	334	bc7e2eabd7559bb01c76d911894f67b78c206755d6c110f59bc0a17cd3dcc334	copied	/mnt/c/Windows/System32/DriverStore/FileRepository/qcsensorsconfigcrd8480.inf_arm64_af945997cc98c4c3/qsh_battery.json
sensors	qcsensorsconfigcrd8480.inf_arm64_af945997cc98c4c3	qsh_ble.json	1076	596d022b15e4098cde0d9cdbfd8af5d7f860298ab4024acc10527c50f2f1a896	copied	/mnt/c/Windows/System32/DriverStore/FileRepository/qcsensorsconfigcrd8480.inf_arm64_af945997cc98c4c3/qsh_ble.json
sensors	qcsensorsconfigcrd8480.inf_arm64_af945997cc98c4c3	qsh_camera_common.json	17945	a5a1af1171bf9e5906423202ac175c36205d0df667054b6273f0cbdaf02e5462	copied	/mnt/c/Windows/System32/DriverStore/FileRepository/qcsensorsconfigcrd8480.inf_arm64_af945997cc98c4c3/qsh_camera_common.json
sensors	qcsensorsconfigcrd8480.inf_arm64_af945997cc98c4c3	qsh_camera_ov02c10_2.json	19024	9c76a58df5010aae9049bd8d8d4ab4f4b43a534d0c1b3ac83085935a9db3462b	copied	/mnt/c/Windows/System32/DriverStore/FileRepository/qcsensorsconfigcrd8480.inf_arm64_af945997cc98c4c3/qsh_camera_ov02c10_2.json
sensors	qcsensorsconfigcrd8480.inf_arm64_af945997cc98c4c3	qsh_camera_ov08x_2.json	19152	61634a76bb20e1ceb8d493a3fa971399962d56930c007b74a54ffb5e9c19b94e	copied	/mnt/c/Windows/System32/DriverStore/FileRepository/qcsensorsconfigcrd8480.inf_arm64_af945997cc98c4c3/qsh_camera_ov08x_2.json
sensors	qcsensorsconfigcrd8480.inf_arm64_af945997cc98c4c3	qsh_camera_ov08x_3.json	19145	13c4bef08584e80821b306b66accfaaa8033daa57622597c5c7fff98eda7f44f	copied	/mnt/c/Windows/System32/DriverStore/FileRepository/qcsensorsconfigcrd8480.inf_arm64_af945997cc98c4c3/qsh_camera_ov08x_3.json
sensors	qcsensorsconfigcrd8480.inf_arm64_af945997cc98c4c3	qsh_ec.json	1315	5b5ef6d624db9ab74849e79438c82f4f45ed27fd146a9528bfdfc04972d37d49	copied	/mnt/c/Windows/System32/DriverStore/FileRepository/qcsensorsconfigcrd8480.inf_arm64_af945997cc98c4c3/qsh_ec.json
sensors	qcsensorsconfigcrd8480.inf_arm64_af945997cc98c4c3	revision	5	4cd2cdd1fe0d56a2959c354e51e451d65b2cf0c2941a37d7ed82d248651d3721	copied	/mnt/c/Windows/System32/DriverStore/FileRepository/qcsensorsconfigcrd8480.inf_arm64_af945997cc98c4c3/revision
sensors	qcsensorsconfigcrd8480.inf_arm64_af945997cc98c4c3	sns_amd.json	444	191e5687ccf573bfdeac4aed027999af1881a34118022ed30a588814304febec	copied	/mnt/c/Windows/System32/DriverStore/FileRepository/qcsensorsconfigcrd8480.inf_arm64_af945997cc98c4c3/sns_amd.json
sensors	qcsensorsconfigcrd8480.inf_arm64_af945997cc98c4c3	sns_amd_sw_enabled.json	239	0bb3b2a7aadbc5dfa2088affa83b474ce18cfb11963d15f874c29b5c23f7ec79	copied	/mnt/c/Windows/System32/DriverStore/FileRepository/qcsensorsconfigcrd8480.inf_arm64_af945997cc98c4c3/sns_amd_sw_enabled.json
sensors	qcsensorsconfigcrd8480.inf_arm64_af945997cc98c4c3	sns_aont.json	150	82c8c719599fd7797a1f5ef3eceb96c6881f190bb4cf73cb9320cadf233aa531	copied	/mnt/c/Windows/System32/DriverStore/FileRepository/qcsensorsconfigcrd8480.inf_arm64_af945997cc98c4c3/sns_aont.json
sensors	qcsensorsconfigcrd8480.inf_arm64_af945997cc98c4c3	sns_cal.json	100	5a52e793f556b7ae205d404020022ba91e831ee92947bc0fd9f18266854d9906	copied	/mnt/c/Windows/System32/DriverStore/FileRepository/qcsensorsconfigcrd8480.inf_arm64_af945997cc98c4c3/sns_cal.json
sensors	qcsensorsconfigcrd8480.inf_arm64_af945997cc98c4c3	sns_ccd_v1_0_amd.json	329	992acb51c7ce8db76f59b2b343d25060575245a0e6246030a5ca452e59adfdd7	copied	/mnt/c/Windows/System32/DriverStore/FileRepository/qcsensorsconfigcrd8480.inf_arm64_af945997cc98c4c3/sns_ccd_v1_0_amd.json
sensors	qcsensorsconfigcrd8480.inf_arm64_af945997cc98c4c3	sns_ccd_v3_1_walk.json	1301	fb58bf74c7743f07f2a26ef19c8881ee47e033bc7a4f299fde7dc6d925cf1bc5	copied	/mnt/c/Windows/System32/DriverStore/FileRepository/qcsensorsconfigcrd8480.inf_arm64_af945997cc98c4c3/sns_ccd_v3_1_walk.json
sensors	qcsensorsconfigcrd8480.inf_arm64_af945997cc98c4c3	sns_ccd_v6_0.json	3240	0302bd5e4d2b33f27da8001572c8ffaafa9e3efa7a4e07c376c05e2959731708	copied	/mnt/c/Windows/System32/DriverStore/FileRepository/qcsensorsconfigcrd8480.inf_arm64_af945997cc98c4c3/sns_ccd_v6_0.json
sensors	qcsensorsconfigcrd8480.inf_arm64_af945997cc98c4c3	sns_ccd_v6_0_sensors.json	5052	0561d81c7996abf2e17b500ccb03a7c2b8b4027509e9b0a1e8e20cfd31b8a254	copied	/mnt/c/Windows/System32/DriverStore/FileRepository/qcsensorsconfigcrd8480.inf_arm64_af945997cc98c4c3/sns_ccd_v6_0_sensors.json
sensors	qcsensorsconfigcrd8480.inf_arm64_af945997cc98c4c3	sns_ccd_v6_0_te_cd_regs.json	18190	d6338994f8cab21aaeb5aaf296796490c9d0e411e6cdbea30b3fc27778db49db	copied	/mnt/c/Windows/System32/DriverStore/FileRepository/qcsensorsconfigcrd8480.inf_arm64_af945997cc98c4c3/sns_ccd_v6_0_te_cd_regs.json
sensors	qcsensorsconfigcrd8480.inf_arm64_af945997cc98c4c3	sns_cm.json	435	c4ac93619384fe957774cbdb114fd8e91b9f1a5fcde0d9db27675c699a73a8c7	copied	/mnt/c/Windows/System32/DriverStore/FileRepository/qcsensorsconfigcrd8480.inf_arm64_af945997cc98c4c3/sns_cm.json
sensors	qcsensorsconfigcrd8480.inf_arm64_af945997cc98c4c3	sns_dae.json	885	bfbad3d148ff40e7866d97f490f985ed3e062e39c63bfda642b2c20e9e55ccbc	copied	/mnt/c/Windows/System32/DriverStore/FileRepository/qcsensorsconfigcrd8480.inf_arm64_af945997cc98c4c3/sns_dae.json
sensors	qcsensorsconfigcrd8480.inf_arm64_af945997cc98c4c3	sns_diag_filter.json	7503	faa5ce38b113ea9026f20f064bc8fb80d00f38f248dee6c0ae3c6cf97b4f4e0f	copied	/mnt/c/Windows/System32/DriverStore/FileRepository/qcsensorsconfigcrd8480.inf_arm64_af945997cc98c4c3/sns_diag_filter.json
sensors	qcsensorsconfigcrd8480.inf_arm64_af945997cc98c4c3	sns_direct_channel.json	175	25ee2097b2d0a1d344bf5e78a6308d61dd42536959782980e8ff99169509125b	copied	/mnt/c/Windows/System32/DriverStore/FileRepository/qcsensorsconfigcrd8480.inf_arm64_af945997cc98c4c3/sns_direct_channel.json
sensors	qcsensorsconfigcrd8480.inf_arm64_af945997cc98c4c3	sns_distance_bound.json	830	33edf75db1a5258be5096ff51401aa8245bcf0df374814ff2fdde89db6510a2f	copied	/mnt/c/Windows/System32/DriverStore/FileRepository/qcsensorsconfigcrd8480.inf_arm64_af945997cc98c4c3/sns_distance_bound.json
sensors	qcsensorsconfigcrd8480.inf_arm64_af945997cc98c4c3	sns_dpc.json	619	bddcdee80afaa4a9caf768a29c99db3a5c11b8954bc91bf044aea5d3c5581e3a	copied	/mnt/c/Windows/System32/DriverStore/FileRepository/qcsensorsconfigcrd8480.inf_arm64_af945997cc98c4c3/sns_dpc.json
sensors	qcsensorsconfigcrd8480.inf_arm64_af945997cc98c4c3	sns_fmv.json	1414	18c31797f6e7f4ca27be8b1847bbb4be6e7f991e2061d663206cd474b63a7fe1	copied	/mnt/c/Windows/System32/DriverStore/FileRepository/qcsensorsconfigcrd8480.inf_arm64_af945997cc98c4c3/sns_fmv.json
sensors	qcsensorsconfigcrd8480.inf_arm64_af945997cc98c4c3	sns_geomag_rv.json	876	4bc220e3edac5ee2f39e9d4d08173b5c2f0d966c915c0bdad6e47aeea1471534	copied	/mnt/c/Windows/System32/DriverStore/FileRepository/qcsensorsconfigcrd8480.inf_arm64_af945997cc98c4c3/sns_geomag_rv.json
sensors	qcsensorsconfigcrd8480.inf_arm64_af945997cc98c4c3	sns_gyro_cal.json	595	c5520cdea907c765fed6f576e7e2fb776b2504a3c9610396a3b39a8e672f60b9	copied	/mnt/c/Windows/System32/DriverStore/FileRepository/qcsensorsconfigcrd8480.inf_arm64_af945997cc98c4c3/sns_gyro_cal.json
sensors	qcsensorsconfigcrd8480.inf_arm64_af945997cc98c4c3	sns_inbag_detect.json	741	bc1e70c41cfd60451b8e3b1691cbc3496a6fbd63f53b701d184641af254a6c03	copied	/mnt/c/Windows/System32/DriverStore/FileRepository/qcsensorsconfigcrd8480.inf_arm64_af945997cc98c4c3/sns_inbag_detect.json
sensors	qcsensorsconfigcrd8480.inf_arm64_af945997cc98c4c3	sns_mag_cal.json	356	3237f8e630867f918319d37dea9489d09b339f19d09a5fde77899297a6c60935	copied	/mnt/c/Windows/System32/DriverStore/FileRepository/qcsensorsconfigcrd8480.inf_arm64_af945997cc98c4c3/sns_mag_cal.json
sensors	qcsensorsconfigcrd8480.inf_arm64_af945997cc98c4c3	sns_offbody_detect_phone.json	182	4bee5d5227afe054082112b929b6fdf29d14a48b16e1e13a2185cfa9ff82ce61	copied	/mnt/c/Windows/System32/DriverStore/FileRepository/qcsensorsconfigcrd8480.inf_arm64_af945997cc98c4c3/sns_offbody_detect_phone.json
sensors	qcsensorsconfigcrd8480.inf_arm64_af945997cc98c4c3	sns_pedometer.json	773	a3c7c3ca7fa03ef408ecdff1e4ea6a5f935614d7f034b83a83bfb9d8eac0ca0d	copied	/mnt/c/Windows/System32/DriverStore/FileRepository/qcsensorsconfigcrd8480.inf_arm64_af945997cc98c4c3/sns_pedometer.json
sensors	qcsensorsconfigcrd8480.inf_arm64_af945997cc98c4c3	sns_psd_disable.json	283	7f13367d3822afbb6029ab83267761fe03ec847b76afc6e2dd836c9c9a459a48	copied	/mnt/c/Windows/System32/DriverStore/FileRepository/qcsensorsconfigcrd8480.inf_arm64_af945997cc98c4c3/sns_psd_disable.json
sensors	qcsensorsconfigcrd8480.inf_arm64_af945997cc98c4c3	sns_reg_config	428	8b952d03b5c233dc7a1a247443832070b2d82378f68695eba2a8e86952a4053f	copied	/mnt/c/Windows/System32/DriverStore/FileRepository/qcsensorsconfigcrd8480.inf_arm64_af945997cc98c4c3/sns_reg_config
sensors	qcsensorsconfigcrd8480.inf_arm64_af945997cc98c4c3	sns_rmd.json	542	ae8a7655e0486b442b0454f28216b6e8b31185e01b97c0e992cf3e9d299199b8	copied	/mnt/c/Windows/System32/DriverStore/FileRepository/qcsensorsconfigcrd8480.inf_arm64_af945997cc98c4c3/sns_rmd.json
sensors	qcsensorsconfigcrd8480.inf_arm64_af945997cc98c4c3	sns_rotv.json	496	90ecc6d8ffd50946fe02c92a522074cb8dac4b3d2685bec3acabece5d8b274eb	copied	/mnt/c/Windows/System32/DriverStore/FileRepository/qcsensorsconfigcrd8480.inf_arm64_af945997cc98c4c3/sns_rotv.json
sensors	qcsensorsconfigcrd8480.inf_arm64_af945997cc98c4c3	sns_sim.json	100	5a52e793f556b7ae205d404020022ba91e831ee92947bc0fd9f18266854d9906	duplicate-of sensors/qcsensorsconfigcrd8480.inf_arm64_af945997cc98c4c3/sns_cal.json	/mnt/c/Windows/System32/DriverStore/FileRepository/qcsensorsconfigcrd8480.inf_arm64_af945997cc98c4c3/sns_sim.json
sensors	qcsensorsconfigcrd8480.inf_arm64_af945997cc98c4c3	sns_smd.json	1015	6a5724a0134c27ee43b8113296dfb47b595459af07ac96eb0ebb83737b219efa	copied	/mnt/c/Windows/System32/DriverStore/FileRepository/qcsensorsconfigcrd8480.inf_arm64_af945997cc98c4c3/sns_smd.json
sensors	qcsensorsconfigcrd8480.inf_arm64_af945997cc98c4c3	sns_tilt.json	481	65218054120878e92994dbb14bfd692ffa83706520109f55356e35cb9959acc3	copied	/mnt/c/Windows/System32/DriverStore/FileRepository/qcsensorsconfigcrd8480.inf_arm64_af945997cc98c4c3/sns_tilt.json
sensors	qcsensorsconfigcrd8480.inf_arm64_af945997cc98c4c3	sns_tilt_sw_enabled.json	241	5baf743d6584e7245d0a557dd33126bdb7859fdef5e4867cfd75b258b622e37d	copied	/mnt/c/Windows/System32/DriverStore/FileRepository/qcsensorsconfigcrd8480.inf_arm64_af945997cc98c4c3/sns_tilt_sw_enabled.json
sensors	qcsensorsconfigcrd8480.inf_arm64_af945997cc98c4c3	sns_tilt_to_wake.json	1301	5793eac3b37ca4d13b6b42998d0488b16f62d606cd0b70d8264e54308a0ede4e	copied	/mnt/c/Windows/System32/DriverStore/FileRepository/qcsensorsconfigcrd8480.inf_arm64_af945997cc98c4c3/sns_tilt_to_wake.json
sensors	qcsensorsconfigcrd8480.inf_arm64_af945997cc98c4c3	sns_transport_ppe.json	447	85e6dce9773ea53aa7bdfe34ab6d1b1816e15e4665608f7b1cdc5150a0ade14d	copied	/mnt/c/Windows/System32/DriverStore/FileRepository/qcsensorsconfigcrd8480.inf_arm64_af945997cc98c4c3/sns_transport_ppe.json
sensors	qcsensorsconfigcrd8480.inf_arm64_af945997cc98c4c3	soc_id	5	04680a23f46316960fffa948a03c34b7966c25a6718050dea069299b23691033	copied	/mnt/c/Windows/System32/DriverStore/FileRepository/qcsensorsconfigcrd8480.inf_arm64_af945997cc98c4c3/soc_id
sensors	qcsensorsconfigcrd8480.inf_arm64_af945997cc98c4c3	stm_lid_angle.json	1198	f4cd2dff6373eb7de77c38a1f8155518a1861057daa735f8fc83642197ad816a	copied	/mnt/c/Windows/System32/DriverStore/FileRepository/qcsensorsconfigcrd8480.inf_arm64_af945997cc98c4c3/stm_lid_angle.json
platform	qcslimbus8480.inf_arm64_8788567c407b4c50	SLM1.bin	211	fbdd35851bb30dd6486900761fb823c4a5911982882c44e59cfb46d5d5411860	copied	/mnt/c/Windows/System32/DriverStore/FileRepository/qcslimbus8480.inf_arm64_8788567c407b4c50/SLM1.bin
platform	qcspi8480.inf_arm64_c971812f186c1438	BSRC_QSPI.bin	16152	7ebc4aee28fdfa76eac58a8c9ed2878800b009db989868806e4a0e143f8c6384	copied	/mnt/c/Windows/System32/DriverStore/FileRepository/qcspi8480.inf_arm64_c971812f186c1438/BSRC_QSPI.bin
platform	qcspi8480.inf_arm64_c971812f186c1438	BSRC_SPI.bin	53556	419595b65acce239ca59f86205e4f392693797336fc6090fe9fa1405f5caad5f	copied	/mnt/c/Windows/System32/DriverStore/FileRepository/qcspi8480.inf_arm64_c971812f186c1438/BSRC_SPI.bin
adsp	qcsubsys_ext_adsp8480.inf_arm64_951f2cbbba81d365	aptx_adaptive_speech_dec_module.1	202552	d755a5aa7def241da0dc31e36a43889b6063c131f625df2cf10f490275c5be9d	copied	/mnt/c/Windows/System32/DriverStore/FileRepository/qcsubsys_ext_adsp8480.inf_arm64_951f2cbbba81d365/ADSP/aptx_adaptive_speech_dec_module.1
adsp	qcsubsys_ext_adsp8480.inf_arm64_951f2cbbba81d365	aptx_adaptive_speech_enc_module.2	182168	1ff0b26e44cdffe6cdbd3890246197133a2b2428446c4d66a9bdf3ac3e127625	copied	/mnt/c/Windows/System32/DriverStore/FileRepository/qcsubsys_ext_adsp8480.inf_arm64_951f2cbbba81d365/ADSP/aptx_adaptive_speech_enc_module.2
adsp	qcsubsys_ext_adsp8480.inf_arm64_951f2cbbba81d365	fastrpc_shell_0	1356756	b08adba03d72709782871dd1e941149600c2db686c3e3b50b7e3d9e2b4940256	copied	/mnt/c/Windows/System32/DriverStore/FileRepository/qcsubsys_ext_adsp8480.inf_arm64_951f2cbbba81d365/ADSP/fastrpc_shell_0
adsp	qcsubsys_ext_adsp8480.inf_arm64_951f2cbbba81d365	RADS.bin	1401	ff4af19d6973cf87399392255722c56c75efd216add4d7ac718a3e8a193dfa09	copied	/mnt/c/Windows/System32/DriverStore/FileRepository/qcsubsys_ext_adsp8480.inf_arm64_951f2cbbba81d365/RADS.bin
adsp	qcsubsys_ext_adsp8480.inf_arm64_951f2cbbba81d365	adsp_dtbs.elf	225080	7906466c734b2f360d48cf086f80b6e04d84e9b02255c74545aa28d5df1e932c	already-in-repo firmware/qcom/glymur/ASUSTeK/UX3607OA/adsp_dtbs.elf	/mnt/c/Windows/System32/DriverStore/FileRepository/qcsubsys_ext_adsp8480.inf_arm64_951f2cbbba81d365/adsp_dtbs.elf
adsp	qcsubsys_ext_adsp8480.inf_arm64_951f2cbbba81d365	adspr.jsn	513	66ce8531efb7979d234e0f0eabbe18d038ac97da771a8a194f613df8f0724e81	copied	/mnt/c/Windows/System32/DriverStore/FileRepository/qcsubsys_ext_adsp8480.inf_arm64_951f2cbbba81d365/adspr.jsn
adsp	qcsubsys_ext_adsp8480.inf_arm64_951f2cbbba81d365	adsps.jsn	515	12ac2f3ae8ced12aa4b06b3ab3a01bc4d8efe1c92ebea503c002f209a6ec176f	copied	/mnt/c/Windows/System32/DriverStore/FileRepository/qcsubsys_ext_adsp8480.inf_arm64_951f2cbbba81d365/adsps.jsn
adsp	qcsubsys_ext_adsp8480.inf_arm64_951f2cbbba81d365	adspua.jsn	703	982a99853495e34726b8e44697fdfad303334de0a67cbf6cde306c8f1731000b	copied	/mnt/c/Windows/System32/DriverStore/FileRepository/qcsubsys_ext_adsp8480.inf_arm64_951f2cbbba81d365/adspua.jsn
adsp	qcsubsys_ext_adsp8480.inf_arm64_951f2cbbba81d365	qcadsp8480.mbn	19867608	67b4e129d4d60fccd05d85be3754168f46535549a03a3627c598d634e73df49d	already-in-repo firmware/qcom/glymur/ASUSTeK/UX3607OA/qcadsp8480.mbn	/mnt/c/Windows/System32/DriverStore/FileRepository/qcsubsys_ext_adsp8480.inf_arm64_951f2cbbba81d365/qcadsp8480.mbn
cdsp	qcsubsys_ext_cdsp8480.inf_arm64_dae3a3e9baebb45d	RCDS.bin	1462	7e9e307435468e01d4bf746a1028466f60f4a83268fbc4f194926a93b2b2267c	copied	/mnt/c/Windows/System32/DriverStore/FileRepository/qcsubsys_ext_cdsp8480.inf_arm64_dae3a3e9baebb45d/RCDS.bin
platform	qcsubsys_ext_oob8480.inf_arm64_e7fea34bb6dec5ea	ROOB.bin	1117	c6b6cf2156d572aeeb954cffc66e0c7becf921ee902714108b9af3980582a028	copied	/mnt/c/Windows/System32/DriverStore/FileRepository/qcsubsys_ext_oob8480.inf_arm64_e7fea34bb6dec5ea/ROOB.bin
platform	qcsubsys_ext_oob8480.inf_arm64_e7fea34bb6dec5ea	oobmssn.jsn	264	26f73f3e59d0d8fc099867ed44383aa9a2c6d686b1da7c26a1e9b2cedd393973	copied	/mnt/c/Windows/System32/DriverStore/FileRepository/qcsubsys_ext_oob8480.inf_arm64_e7fea34bb6dec5ea/oobmssn.jsn
platform	qcsubsys_ext_oob8480.inf_arm64_e7fea34bb6dec5ea	oobmsst.jsn	266	c57c0a0fae02a9480d21b4a123fdfafa7308c674778a2f5de58b00f422eb5628	copied	/mnt/c/Windows/System32/DriverStore/FileRepository/qcsubsys_ext_oob8480.inf_arm64_e7fea34bb6dec5ea/oobmsst.jsn
platform	qcsubsys_ext_soccp8480.inf_arm64_cdee0012e37cae99	RSCP.bin	1117	3d474dbb6e1b760e1ee0914b93315eaa9d7b8d6a17d8d80854f37ec9e34e0d93	copied	/mnt/c/Windows/System32/DriverStore/FileRepository/qcsubsys_ext_soccp8480.inf_arm64_cdee0012e37cae99/RSCP.bin
platform	qcsubsys_ext_soccp8480.inf_arm64_cdee0012e37cae99	soccpr.jsn	261	e6b053e996f2d6b933f41bd6dffe4a5ba3c09ec594675febee04c944b3780d6a	copied	/mnt/c/Windows/System32/DriverStore/FileRepository/qcsubsys_ext_soccp8480.inf_arm64_cdee0012e37cae99/soccpr.jsn
platform	qcsubsys_ext_spss8480.inf_arm64_2b2f1cd01bdb57b5	RSPU.bin	1069	aca9f171affd9569a8921115447a9e89c70fb0689239dcbb4c9c34bf6c1aff61	copied	/mnt/c/Windows/System32/DriverStore/FileRepository/qcsubsys_ext_spss8480.inf_arm64_2b2f1cd01bdb57b5/RSPU.bin
display-hdcp	qctreeextqcom8480.inf_arm64_263c213fe4fb5586	hdcp1.mbn	94296	b77cb1db95fa4b6934d41a3ee1b9a3f25d12f445b41aed692e661524f2ff1e5e	copied	/mnt/c/Windows/System32/DriverStore/FileRepository/qctreeextqcom8480.inf_arm64_263c213fe4fb5586/hdcp1.mbn
display-hdcp	qctreeextqcom8480.inf_arm64_263c213fe4fb5586	hdcp2p2.mbn	207840	7378d8a9e3eaba72c7f2aec59d66f771a47fa500cc4c8e961907bfc3c60d54b0	copied	/mnt/c/Windows/System32/DriverStore/FileRepository/qctreeextqcom8480.inf_arm64_263c213fe4fb5586/hdcp2p2.mbn
display-hdcp	qctreeextqcom8480.inf_arm64_263c213fe4fb5586	hdcpsrm.mbn	53336	dcb3d485547007a42376fadc7aa9b3e7b1ba795ce9502fb5cde9170487c315a9	copied	/mnt/c/Windows/System32/DriverStore/FileRepository/qctreeextqcom8480.inf_arm64_263c213fe4fb5586/hdcpsrm.mbn
display-hdcp	qctreeextqcom8480.inf_arm64_263c213fe4fb5586	pr_3_wp.mbn	945120	664ffe87b4b766beabe52d088cb163fb69375f3edbf7ff23ecc6b3f368c4e927	copied	/mnt/c/Windows/System32/DriverStore/FileRepository/qctreeextqcom8480.inf_arm64_263c213fe4fb5586/pr_3_wp.mbn
platform	qcuart8480.inf_arm64_fa54b4310ec9d5fe	BSRC_UART_2Wire_1.bin	51798	6b4b388b6029d4779fe73d4e10bf4486f18ec1b4efe4116747328ebad263496f	copied	/mnt/c/Windows/System32/DriverStore/FileRepository/qcuart8480.inf_arm64_fa54b4310ec9d5fe/BSRC_UART_2Wire_1.bin
platform	qcuart8480.inf_arm64_fa54b4310ec9d5fe	BSRC_UART_2Wire_2.bin	17274	993dd7f62f3d8b0e288524af95fe9946aa7dc70dbb6c1ea40b743ed39ce7264c	copied	/mnt/c/Windows/System32/DriverStore/FileRepository/qcuart8480.inf_arm64_fa54b4310ec9d5fe/BSRC_UART_2Wire_2.bin
platform	qcuart8480.inf_arm64_fa54b4310ec9d5fe	BSRC_UART_4Wire_1.bin	58494	9981462ab31844fa6a92354ad60e8841bbb92667f85c811071b078ce76879597	copied	/mnt/c/Windows/System32/DriverStore/FileRepository/qcuart8480.inf_arm64_fa54b4310ec9d5fe/BSRC_UART_4Wire_1.bin
platform	qcuart8480.inf_arm64_fa54b4310ec9d5fe	BSRC_UART_4Wire_2.bin	19506	f841925eeafc6c2001b35c08a65555d00d97b2fbbfb22e4f0b0d052d77361e17	copied	/mnt/c/Windows/System32/DriverStore/FileRepository/qcuart8480.inf_arm64_fa54b4310ec9d5fe/BSRC_UART_4Wire_2.bin
platform	qcusbcucsi8480.inf_arm64_e958c4df8bb719a8	UCS0.bin	26023	467feb37a3ccf29e054932548a915ce4f56dfc616814fa7bf27e2c6941883d9f	copied	/mnt/c/Windows/System32/DriverStore/FileRepository/qcusbcucsi8480.inf_arm64_e958c4df8bb719a8/UCS0.bin
wlan	qcwlancol8480.inf_arm64_2077838ef4cdffea	Data.msc	1874548	58c2cfe911ea2981a93d440b3a30518629ff0e5aef682cb42d4707c905865dbe	copied	/mnt/c/Windows/System32/DriverStore/FileRepository/qcwlancol8480.inf_arm64_2077838ef4cdffea/Data.msc
wlan	qcwlancol8480.inf_arm64_2077838ef4cdffea	aux_ucode.elf	53672	ababec9df60610406b8cf03ecfd5af1d6151c6628a04c39bdf6a0909c8edd1f1	copied	/mnt/c/Windows/System32/DriverStore/FileRepository/qcwlancol8480.inf_arm64_2077838ef4cdffea/aux_ucode.elf
wlan	qcwlancol8480.inf_arm64_2077838ef4cdffea	bdwlan.e01	125352	5f46f4f9e3faf1e778c3afc42752d51aaa4721fe3df5d1055ab2f86d4eb23a4a	copied	/mnt/c/Windows/System32/DriverStore/FileRepository/qcwlancol8480.inf_arm64_2077838ef4cdffea/bdwlan.e01
wlan	qcwlancol8480.inf_arm64_2077838ef4cdffea	bdwlan.e02	125352	d86c426e3f6e156d39f548153e0dc9852de4d1555a8a526c06cff10d60e8c5d9	copied	/mnt/c/Windows/System32/DriverStore/FileRepository/qcwlancol8480.inf_arm64_2077838ef4cdffea/bdwlan.e02
wlan	qcwlancol8480.inf_arm64_2077838ef4cdffea	bdwlan.e03	125352	81dd2d29ffd08badf4c0401b742cacc606a57880e16320c28d60631bea92fd2d	copied	/mnt/c/Windows/System32/DriverStore/FileRepository/qcwlancol8480.inf_arm64_2077838ef4cdffea/bdwlan.e03
wlan	qcwlancol8480.inf_arm64_2077838ef4cdffea	bdwlan.e05	125352	bd95515aeb01bdc8ba855fdc099439f20dcc22a979429b34a05b4beff3ec8e6e	copied	/mnt/c/Windows/System32/DriverStore/FileRepository/qcwlancol8480.inf_arm64_2077838ef4cdffea/bdwlan.e05
wlan	qcwlancol8480.inf_arm64_2077838ef4cdffea	bdwlan.e06	125352	0d7f6ba6e8c0f1e0c98fb0c6a6fd6fc2092a0e5a280790b55858d2bd27747eb8	copied	/mnt/c/Windows/System32/DriverStore/FileRepository/qcwlancol8480.inf_arm64_2077838ef4cdffea/bdwlan.e06
wlan	qcwlancol8480.inf_arm64_2077838ef4cdffea	bdwlan.e07	125352	1b5abd913b2a19dc7cae1f56edbee266bf277e020bbedf4e329b16d9858a0f0f	copied	/mnt/c/Windows/System32/DriverStore/FileRepository/qcwlancol8480.inf_arm64_2077838ef4cdffea/bdwlan.e07
wlan	qcwlancol8480.inf_arm64_2077838ef4cdffea	bdwlan.e08	125352	057e2d893ced1b767133f8313b53b5638c6050c19e0f1f4cf53397e782eccd3c	copied	/mnt/c/Windows/System32/DriverStore/FileRepository/qcwlancol8480.inf_arm64_2077838ef4cdffea/bdwlan.e08
wlan	qcwlancol8480.inf_arm64_2077838ef4cdffea	bdwlan.e09	125352	2f2a8934dffff5ebb2dcf431c478a4e5009edf7b4c2db0d48c6e7bedcc13e0eb	copied	/mnt/c/Windows/System32/DriverStore/FileRepository/qcwlancol8480.inf_arm64_2077838ef4cdffea/bdwlan.e09
wlan	qcwlancol8480.inf_arm64_2077838ef4cdffea	bdwlan.e0a	125352	33457b5bc08d92d21405182dad51af800d0f7b868171fe3902a9c717ddb68066	copied	/mnt/c/Windows/System32/DriverStore/FileRepository/qcwlancol8480.inf_arm64_2077838ef4cdffea/bdwlan.e0a
wlan	qcwlancol8480.inf_arm64_2077838ef4cdffea	bdwlan.e0b	125352	ce8c6a1cf83237d786985296c90188abd1af9b4c040ab4b2857fa712070e73a6	copied	/mnt/c/Windows/System32/DriverStore/FileRepository/qcwlancol8480.inf_arm64_2077838ef4cdffea/bdwlan.e0b
wlan	qcwlancol8480.inf_arm64_2077838ef4cdffea	bdwlan.e0c	125352	d58ef15323272a5ecda2b1a7ac8c32abf1c2015fc4972be3676803b6ab2815d0	copied	/mnt/c/Windows/System32/DriverStore/FileRepository/qcwlancol8480.inf_arm64_2077838ef4cdffea/bdwlan.e0c
wlan	qcwlancol8480.inf_arm64_2077838ef4cdffea	bdwlan.e0d	125352	dbfec6317021d96c7d7203795730354f54e6cde4b8121a4a0690668d8905b4f9	copied	/mnt/c/Windows/System32/DriverStore/FileRepository/qcwlancol8480.inf_arm64_2077838ef4cdffea/bdwlan.e0d
wlan	qcwlancol8480.inf_arm64_2077838ef4cdffea	bdwlan.e0e	125352	ceedc974b6e4b9feabb056442be33be9dbf3dc21c83919aebcca049fff168144	copied	/mnt/c/Windows/System32/DriverStore/FileRepository/qcwlancol8480.inf_arm64_2077838ef4cdffea/bdwlan.e0e
wlan	qcwlancol8480.inf_arm64_2077838ef4cdffea	bdwlan.e0f	125420	3471af97caa49486a204392af3370684cce5d442ff40f65f8777f34eed8857be	copied	/mnt/c/Windows/System32/DriverStore/FileRepository/qcwlancol8480.inf_arm64_2077838ef4cdffea/bdwlan.e0f
wlan	qcwlancol8480.inf_arm64_2077838ef4cdffea	bdwlan.e10	125420	8e69afea841989ac74b7f406a7a3be3098ebfd2ac94a7f46ccdc835ed6bb3a7b	copied	/mnt/c/Windows/System32/DriverStore/FileRepository/qcwlancol8480.inf_arm64_2077838ef4cdffea/bdwlan.e10
wlan	qcwlancol8480.inf_arm64_2077838ef4cdffea	bdwlan.e11	125420	7098ad8a5281a7bde5918db95d8110fba3cee4fc685235eb0ec8a7edee1140fd	copied	/mnt/c/Windows/System32/DriverStore/FileRepository/qcwlancol8480.inf_arm64_2077838ef4cdffea/bdwlan.e11
wlan	qcwlancol8480.inf_arm64_2077838ef4cdffea	bdwlan.e12	125420	9a999eb6277abd0c22fd4ea47b1da4c42278dc5a8fe7539e5e83c3cd94721d80	copied	/mnt/c/Windows/System32/DriverStore/FileRepository/qcwlancol8480.inf_arm64_2077838ef4cdffea/bdwlan.e12
wlan	qcwlancol8480.inf_arm64_2077838ef4cdffea	bdwlan.e13	125420	151541f6836972b9ef956fa5697c2c05503a637f3d4d2efea094da875141cb59	copied	/mnt/c/Windows/System32/DriverStore/FileRepository/qcwlancol8480.inf_arm64_2077838ef4cdffea/bdwlan.e13
wlan	qcwlancol8480.inf_arm64_2077838ef4cdffea	bdwlan.e14	125420	b34636b379dc02560e16503655aaf7a5544094f9dc99d77828b8783ea5a7df6a	copied	/mnt/c/Windows/System32/DriverStore/FileRepository/qcwlancol8480.inf_arm64_2077838ef4cdffea/bdwlan.e14
wlan	qcwlancol8480.inf_arm64_2077838ef4cdffea	bdwlan.e15	125420	691f75a7ff6651f5db3279480b54d76febafa02b16684e27108a84efd048389b	copied	/mnt/c/Windows/System32/DriverStore/FileRepository/qcwlancol8480.inf_arm64_2077838ef4cdffea/bdwlan.e15
wlan	qcwlancol8480.inf_arm64_2077838ef4cdffea	bdwlan.e16	125420	dd7b72e5cdb6f475860a12d37cc398dc8aa1733b7db12863353d9933695c9c15	copied	/mnt/c/Windows/System32/DriverStore/FileRepository/qcwlancol8480.inf_arm64_2077838ef4cdffea/bdwlan.e16
wlan	qcwlancol8480.inf_arm64_2077838ef4cdffea	bdwlan.e17	125288	2f89d96d937ef868daf9664aff8e3af09e8240c19a2a1884f9acadd81f1b9cb4	copied	/mnt/c/Windows/System32/DriverStore/FileRepository/qcwlancol8480.inf_arm64_2077838ef4cdffea/bdwlan.e17
wlan	qcwlancol8480.inf_arm64_2077838ef4cdffea	bdwlan.e18	125288	69e72f5dc2a52ca76e1929dee11c8663e9049621752ec1529e475fc1c52e98df	copied	/mnt/c/Windows/System32/DriverStore/FileRepository/qcwlancol8480.inf_arm64_2077838ef4cdffea/bdwlan.e18
wlan	qcwlancol8480.inf_arm64_2077838ef4cdffea	bdwlan.elf	125352	df38dc1bed63ebc2b199df4c67ee73500864000acdc39810137a464532d98c19	copied	/mnt/c/Windows/System32/DriverStore/FileRepository/qcwlancol8480.inf_arm64_2077838ef4cdffea/bdwlan.elf
wlan	qcwlancol8480.inf_arm64_2077838ef4cdffea	bdwlan_qcc2072_1p0_ncm820A.elf	125288	960e9e93da708f5e1086ce15d82d3e44d846ec9441eac40e1725467d357965d8	copied	/mnt/c/Windows/System32/DriverStore/FileRepository/qcwlancol8480.inf_arm64_2077838ef4cdffea/bdwlan_qcc2072_1p0_ncm820A.elf
wlan	qcwlancol8480.inf_arm64_2077838ef4cdffea	phy_ucode.elf	283276	ef65c548e0574ab6cc1878c59b941b9040e9f9822a7a7304f0c034e529c5b0d3	copied	/mnt/c/Windows/System32/DriverStore/FileRepository/qcwlancol8480.inf_arm64_2077838ef4cdffea/phy_ucode.elf
wlan	qcwlancol8480.inf_arm64_2077838ef4cdffea	qdss_trace_config_v1.cfg	2757	51d2a8eea0a5ff1adcdc0f32b2c52e2de1e0ead36db20244adb98d423634794c	copied	/mnt/c/Windows/System32/DriverStore/FileRepository/qcwlancol8480.inf_arm64_2077838ef4cdffea/qdss_trace_config_v1.cfg
wlan	qcwlancol8480.inf_arm64_2077838ef4cdffea	regdb.bin	24278	be468c6b478885a33d753479697d836a88c1ddae9b2e5124afaff0ec04e1f7f8	copied	/mnt/c/Windows/System32/DriverStore/FileRepository/qcwlancol8480.inf_arm64_2077838ef4cdffea/regdb.bin
wlan	qcwlancol8480.inf_arm64_2077838ef4cdffea	wlanfw.bin	6783040	f95f8d0f53cf94d6729de1509a6ad11f70ff8975dc03f735f20f09bf059f31be	copied	/mnt/c/Windows/System32/DriverStore/FileRepository/qcwlancol8480.inf_arm64_2077838ef4cdffea/wlanfw.bin
wlan	qcwlancol8480.inf_arm64_d440e12aca6ddc77	Data.msc	1885415	80a0929243f87cdfdb416654ee0112158e5ade415042d801e8b6f146073a8cde	copied	/mnt/c/Windows/System32/DriverStore/FileRepository/qcwlancol8480.inf_arm64_d440e12aca6ddc77/Data.msc
wlan	qcwlancol8480.inf_arm64_d440e12aca6ddc77	aux_ucode.elf	53672	c926cd9d404a890bf57727587c28df3d90997acfec6279248a04273684206ee6	copied	/mnt/c/Windows/System32/DriverStore/FileRepository/qcwlancol8480.inf_arm64_d440e12aca6ddc77/aux_ucode.elf
wlan	qcwlancol8480.inf_arm64_d440e12aca6ddc77	bdwlan.e01	125420	ce8e35dc82e88760c0ec57b84f793416ae53380644a0feebcdf686964963effa	copied	/mnt/c/Windows/System32/DriverStore/FileRepository/qcwlancol8480.inf_arm64_d440e12aca6ddc77/bdwlan.e01
wlan	qcwlancol8480.inf_arm64_d440e12aca6ddc77	bdwlan.e02	125420	9c25bb98875c28be1ba2cee3b869fd2203d29157b3ce58caefa2a155238a182c	copied	/mnt/c/Windows/System32/DriverStore/FileRepository/qcwlancol8480.inf_arm64_d440e12aca6ddc77/bdwlan.e02
wlan	qcwlancol8480.inf_arm64_d440e12aca6ddc77	bdwlan.e03	125420	08e6cbd73b628d922d319ca25c40a344d6aa1a31991c54a8aca4cf3444342be6	copied	/mnt/c/Windows/System32/DriverStore/FileRepository/qcwlancol8480.inf_arm64_d440e12aca6ddc77/bdwlan.e03
wlan	qcwlancol8480.inf_arm64_d440e12aca6ddc77	bdwlan.e05	125420	9544a5b3f4229b65c83548b874d0aef662c0d9b269db5f2fc472c72f502c9041	copied	/mnt/c/Windows/System32/DriverStore/FileRepository/qcwlancol8480.inf_arm64_d440e12aca6ddc77/bdwlan.e05
wlan	qcwlancol8480.inf_arm64_d440e12aca6ddc77	bdwlan.e06	125420	b9d0d44b245eb27f8afc6a79843fd45dc19912d24c885bd62ee220fe7e8671fd	copied	/mnt/c/Windows/System32/DriverStore/FileRepository/qcwlancol8480.inf_arm64_d440e12aca6ddc77/bdwlan.e06
wlan	qcwlancol8480.inf_arm64_d440e12aca6ddc77	bdwlan.e07	125420	7c8019310f55e3dc308d2381fdf839859a35280c8365bdc6d312aedf11f2355f	copied	/mnt/c/Windows/System32/DriverStore/FileRepository/qcwlancol8480.inf_arm64_d440e12aca6ddc77/bdwlan.e07
wlan	qcwlancol8480.inf_arm64_d440e12aca6ddc77	bdwlan.e08	125420	a3bdd14bd12d71c549b67391afea6af08d970d1fde27c8f08bdeb10e54b9c85a	copied	/mnt/c/Windows/System32/DriverStore/FileRepository/qcwlancol8480.inf_arm64_d440e12aca6ddc77/bdwlan.e08
wlan	qcwlancol8480.inf_arm64_d440e12aca6ddc77	bdwlan.e09	125420	6bb20559413d327cc42f6011a4cb7583870fb2c4f7394709dca56b4a19784a50	copied	/mnt/c/Windows/System32/DriverStore/FileRepository/qcwlancol8480.inf_arm64_d440e12aca6ddc77/bdwlan.e09
wlan	qcwlancol8480.inf_arm64_d440e12aca6ddc77	bdwlan.e0a	125420	383cffd49f78e66bb675c047d977695fc1e23c4e4b650c2f5fff78a903851962	copied	/mnt/c/Windows/System32/DriverStore/FileRepository/qcwlancol8480.inf_arm64_d440e12aca6ddc77/bdwlan.e0a
wlan	qcwlancol8480.inf_arm64_d440e12aca6ddc77	bdwlan.e0b	125420	46fad946a53e7a9ec838ed104a69e58b547a01960231aac651da96bf01b4880c	copied	/mnt/c/Windows/System32/DriverStore/FileRepository/qcwlancol8480.inf_arm64_d440e12aca6ddc77/bdwlan.e0b
wlan	qcwlancol8480.inf_arm64_d440e12aca6ddc77	bdwlan.e0c	125420	9d38d926546b960cb1fea5668b23395428970eb506b6526453b09665090d8184	copied	/mnt/c/Windows/System32/DriverStore/FileRepository/qcwlancol8480.inf_arm64_d440e12aca6ddc77/bdwlan.e0c
wlan	qcwlancol8480.inf_arm64_d440e12aca6ddc77	bdwlan.e0d	125420	ce870551e58c360f20181b9d40626562d8945f3f078426d615ea5791f20085d3	copied	/mnt/c/Windows/System32/DriverStore/FileRepository/qcwlancol8480.inf_arm64_d440e12aca6ddc77/bdwlan.e0d
wlan	qcwlancol8480.inf_arm64_d440e12aca6ddc77	bdwlan.e0e	125420	0fa3550c742492b6d853782c916291e0297d42093a33d2b0be3806b26bbb6f61	copied	/mnt/c/Windows/System32/DriverStore/FileRepository/qcwlancol8480.inf_arm64_d440e12aca6ddc77/bdwlan.e0e
wlan	qcwlancol8480.inf_arm64_d440e12aca6ddc77	bdwlan.e0f	125420	0bdfeb5e7ed3fb843c0af41b6fbf79101724678ad92d431d8178e81615784928	copied	/mnt/c/Windows/System32/DriverStore/FileRepository/qcwlancol8480.inf_arm64_d440e12aca6ddc77/bdwlan.e0f
wlan	qcwlancol8480.inf_arm64_d440e12aca6ddc77	bdwlan.e10	125420	2eca690bd7656a25d5ab928100127f9960e5581199d47904e310fc7c9a489117	copied	/mnt/c/Windows/System32/DriverStore/FileRepository/qcwlancol8480.inf_arm64_d440e12aca6ddc77/bdwlan.e10
wlan	qcwlancol8480.inf_arm64_d440e12aca6ddc77	bdwlan.e11	125420	dc846471cebfd4ca974e58199f020d81087d5520d266395e7abedb986eaaa01e	copied	/mnt/c/Windows/System32/DriverStore/FileRepository/qcwlancol8480.inf_arm64_d440e12aca6ddc77/bdwlan.e11
wlan	qcwlancol8480.inf_arm64_d440e12aca6ddc77	bdwlan.e12	125420	932040f3c38e729f58fc87567200cc2eda14051d78d4d5436c86f26e3bab6e65	copied	/mnt/c/Windows/System32/DriverStore/FileRepository/qcwlancol8480.inf_arm64_d440e12aca6ddc77/bdwlan.e12
wlan	qcwlancol8480.inf_arm64_d440e12aca6ddc77	bdwlan.e13	125420	921835e755dde104656f5a4230c0e33d53b1c0cc103981c5f673d71cbbb95636	copied	/mnt/c/Windows/System32/DriverStore/FileRepository/qcwlancol8480.inf_arm64_d440e12aca6ddc77/bdwlan.e13
wlan	qcwlancol8480.inf_arm64_d440e12aca6ddc77	bdwlan.e14	125420	b1472b937edc1a17b6f655e15f915ef01d08a95ba467dea7b6d9d5cbdad55ee7	copied	/mnt/c/Windows/System32/DriverStore/FileRepository/qcwlancol8480.inf_arm64_d440e12aca6ddc77/bdwlan.e14
wlan	qcwlancol8480.inf_arm64_d440e12aca6ddc77	bdwlan.e15	125420	d13b550d581f1ff03cbb4723d89434ea58e4570a85056dab9e5904c68f9a0e8c	copied	/mnt/c/Windows/System32/DriverStore/FileRepository/qcwlancol8480.inf_arm64_d440e12aca6ddc77/bdwlan.e15
wlan	qcwlancol8480.inf_arm64_d440e12aca6ddc77	bdwlan.e16	125420	eb0e7ec69beaba54fc5a3851cee4cb2929bbbbb3fab2d1a9d1cb955159e50b71	copied	/mnt/c/Windows/System32/DriverStore/FileRepository/qcwlancol8480.inf_arm64_d440e12aca6ddc77/bdwlan.e16
wlan	qcwlancol8480.inf_arm64_d440e12aca6ddc77	bdwlan.e17	125420	d15547e2bc586e003151948c0a68f65e31adb00c4b69f44cf3bd33440ba040f0	copied	/mnt/c/Windows/System32/DriverStore/FileRepository/qcwlancol8480.inf_arm64_d440e12aca6ddc77/bdwlan.e17
wlan	qcwlancol8480.inf_arm64_d440e12aca6ddc77	bdwlan.e18	125420	ddb6da247b5a50d39e6ae12fd30363ba3abf2aef231428c0ffd6d6a8d14c5446	copied	/mnt/c/Windows/System32/DriverStore/FileRepository/qcwlancol8480.inf_arm64_d440e12aca6ddc77/bdwlan.e18
wlan	qcwlancol8480.inf_arm64_d440e12aca6ddc77	bdwlan.elf	125420	2f17d05d752e2c6929c0b0416da27dcb4b614989741496e17489396ffdce8191	copied	/mnt/c/Windows/System32/DriverStore/FileRepository/qcwlancol8480.inf_arm64_d440e12aca6ddc77/bdwlan.elf
wlan	qcwlancol8480.inf_arm64_d440e12aca6ddc77	bdwlan_qcc2072_1p0_ncm820A.elf	125476	eeb1311ec3e4955323f1b62247d4caeaad1f292938e2077dfdc466d6a4d3be86	copied	/mnt/c/Windows/System32/DriverStore/FileRepository/qcwlancol8480.inf_arm64_d440e12aca6ddc77/bdwlan_qcc2072_1p0_ncm820A.elf
wlan	qcwlancol8480.inf_arm64_d440e12aca6ddc77	bdwlan_qcc2072_1p0_ncm820A_AC_Shrimp.elf	125420	77dd31ad0a427e068e0bab6178a941835da7e8992ec1aa4d0f575a5f43642219	copied	/mnt/c/Windows/System32/DriverStore/FileRepository/qcwlancol8480.inf_arm64_d440e12aca6ddc77/bdwlan_qcc2072_1p0_ncm820A_AC_Shrimp.elf
wlan	qcwlancol8480.inf_arm64_d440e12aca6ddc77	phy_ucode.elf	283276	642487abf2ae0edfcc1caaf1e4dd38b9be45564532251d4b940dbf4e5327b621	copied	/mnt/c/Windows/System32/DriverStore/FileRepository/qcwlancol8480.inf_arm64_d440e12aca6ddc77/phy_ucode.elf
wlan	qcwlancol8480.inf_arm64_d440e12aca6ddc77	qdss_trace_config_v1.cfg	2757	51d2a8eea0a5ff1adcdc0f32b2c52e2de1e0ead36db20244adb98d423634794c	duplicate-of wlan/qcwlancol8480.inf_arm64_2077838ef4cdffea/qdss_trace_config_v1.cfg	/mnt/c/Windows/System32/DriverStore/FileRepository/qcwlancol8480.inf_arm64_d440e12aca6ddc77/qdss_trace_config_v1.cfg
wlan	qcwlancol8480.inf_arm64_d440e12aca6ddc77	regdb.bin	24278	aa7407f4a114576a71661a04a4f8f4644d51e2a3fa9a50a507a682e83a5de525	copied	/mnt/c/Windows/System32/DriverStore/FileRepository/qcwlancol8480.inf_arm64_d440e12aca6ddc77/regdb.bin
wlan	qcwlancol8480.inf_arm64_d440e12aca6ddc77	wlanfw.bin	6811712	6a9c80c1d6b024bd1614248e90d02c71ad1ef2bb08e27524db75389a9504fea9	copied	/mnt/c/Windows/System32/DriverStore/FileRepository/qcwlancol8480.inf_arm64_d440e12aca6ddc77/wlanfw.bin
wlan	qcwlanhmt8480.inf_arm64_5f9569322239def0	Data20.msc	1444701	8b17cc2b3c78359021086ea8bdeb7645d6d6ece0689ebe3cab22d277967ab4cb	copied	/mnt/c/Windows/System32/DriverStore/FileRepository/qcwlanhmt8480.inf_arm64_5f9569322239def0/Data20.msc
wlan	qcwlanhmt8480.inf_arm64_5f9569322239def0	bdwlan.e36	88792	f626a30778f836378f1dda6189f8660c4d17a021f405c52925392be2089835c1	copied	/mnt/c/Windows/System32/DriverStore/FileRepository/qcwlanhmt8480.inf_arm64_5f9569322239def0/bdwlan.e36
wlan	qcwlanhmt8480.inf_arm64_5f9569322239def0	bdwlan.e3b	88792	9430b3f34dc700088a9c4046be5a09013cf993b63effc9629a07351d72d52b21	copied	/mnt/c/Windows/System32/DriverStore/FileRepository/qcwlanhmt8480.inf_arm64_5f9569322239def0/bdwlan.e3b
wlan	qcwlanhmt8480.inf_arm64_5f9569322239def0	bdwlan.elf	88792	1506aa2593eaf15185ffef62fc5cefcab8e87d7d07f737499d2766b926e5dd4c	copied	/mnt/c/Windows/System32/DriverStore/FileRepository/qcwlanhmt8480.inf_arm64_5f9569322239def0/bdwlan.elf
wlan	qcwlanhmt8480.inf_arm64_5f9569322239def0	bdwlan01.e02	88796	765e15a306dd8d85a501d01ddad05f8daa59c0fde3a6a2ca80ba03e6fcb26975	copied	/mnt/c/Windows/System32/DriverStore/FileRepository/qcwlanhmt8480.inf_arm64_5f9569322239def0/bdwlan01.e02
wlan	qcwlanhmt8480.inf_arm64_5f9569322239def0	bdwlan01.e04	88796	74967d60d3408d0731521fe5337a5111bb85166d6ce4cdfba2209cadeca93a2b	copied	/mnt/c/Windows/System32/DriverStore/FileRepository/qcwlanhmt8480.inf_arm64_5f9569322239def0/bdwlan01.e04
wlan	qcwlanhmt8480.inf_arm64_5f9569322239def0	bdwlan01.e05	88796	b281c2d430364acc740717001dcff692df17d87df06121af5e2d7a89eec10668	copied	/mnt/c/Windows/System32/DriverStore/FileRepository/qcwlanhmt8480.inf_arm64_5f9569322239def0/bdwlan01.e05
wlan	qcwlanhmt8480.inf_arm64_5f9569322239def0	bdwlan01.e07	88796	bfe4a61fedf3c2c18a33b50eeda361dd380034487f21f35d6f079a2c54576be3	copied	/mnt/c/Windows/System32/DriverStore/FileRepository/qcwlanhmt8480.inf_arm64_5f9569322239def0/bdwlan01.e07
wlan	qcwlanhmt8480.inf_arm64_5f9569322239def0	bdwlan01.e08	88796	f78690966b9dc4842d5b6fb423df4250721c442d0eff69177b6cbb09a8a54d61	copied	/mnt/c/Windows/System32/DriverStore/FileRepository/qcwlanhmt8480.inf_arm64_5f9569322239def0/bdwlan01.e08
wlan	qcwlanhmt8480.inf_arm64_5f9569322239def0	bdwlan01.e0b	88796	8bdaa5f6f36350d38274ec01282aef0308ca34af0bb91e91004b84b5716f06b7	copied	/mnt/c/Windows/System32/DriverStore/FileRepository/qcwlanhmt8480.inf_arm64_5f9569322239def0/bdwlan01.e0b
wlan	qcwlanhmt8480.inf_arm64_5f9569322239def0	bdwlan01.e0f	88728	a71f4095fb8bd676255772c08e8e78e2b279b92e630b3473c43c4d056cf833f2	copied	/mnt/c/Windows/System32/DriverStore/FileRepository/qcwlanhmt8480.inf_arm64_5f9569322239def0/bdwlan01.e0f
wlan	qcwlanhmt8480.inf_arm64_5f9569322239def0	bdwlan01.e12	88728	735557ae6d3e6a4aa81337650e175a737ebcd4d038f03bac6335fa0e16e4452d	copied	/mnt/c/Windows/System32/DriverStore/FileRepository/qcwlanhmt8480.inf_arm64_5f9569322239def0/bdwlan01.e12
wlan	qcwlanhmt8480.inf_arm64_5f9569322239def0	bdwlan_wcn785x_2p0_ncm825.elf	88728	5ca5d37e628bc1ca7772c3d40e80b5f67049b83132a88530288bea05a9a3b36e	copied	/mnt/c/Windows/System32/DriverStore/FileRepository/qcwlanhmt8480.inf_arm64_5f9569322239def0/bdwlan_wcn785x_2p0_ncm825.elf
wlan	qcwlanhmt8480.inf_arm64_5f9569322239def0	bdwlan_wcn785x_2p0_ncm825_AS_S55_SA.elf	88860	da28272f4ad8a2a1edb5fa6a53689861452606b9fe7342769c32a629a1732620	copied	/mnt/c/Windows/System32/DriverStore/FileRepository/qcwlanhmt8480.inf_arm64_5f9569322239def0/bdwlan_wcn785x_2p0_ncm825_AS_S55_SA.elf
wlan	qcwlanhmt8480.inf_arm64_5f9569322239def0	bdwlan_wcn785x_2p0_ncm825_DE01.elf	88936	07d65130062e03fae03e27b1b275a7a30f6b907f544571eeb0b9d3697018a246	copied	/mnt/c/Windows/System32/DriverStore/FileRepository/qcwlanhmt8480.inf_arm64_5f9569322239def0/bdwlan_wcn785x_2p0_ncm825_DE01.elf
wlan	qcwlanhmt8480.inf_arm64_5f9569322239def0	bdwlan_wcn785x_2p0_ncm825_DE02.elf	88864	44b8387385ecde0ef80ce7bfa3492614a01861e6346c3f0e15cda9b2e43618b1	copied	/mnt/c/Windows/System32/DriverStore/FileRepository/qcwlanhmt8480.inf_arm64_5f9569322239def0/bdwlan_wcn785x_2p0_ncm825_DE02.elf
wlan	qcwlanhmt8480.inf_arm64_5f9569322239def0	bdwlan_wcn785x_2p0_ncm825_HO_MoorO.elf	88792	98b34c72e0c805ba4b6584333e1ce63f46b80cd296689c3e9b7546e729a8fadd	copied	/mnt/c/Windows/System32/DriverStore/FileRepository/qcwlanhmt8480.inf_arm64_5f9569322239def0/bdwlan_wcn785x_2p0_ncm825_HO_MoorO.elf
wlan	qcwlanhmt8480.inf_arm64_5f9569322239def0	bdwlan_wcn785x_2p0_ncm825_LES790.elf	88840	2ac6987bd67c21665962a0d941765a4d8f83a33176d27f1383391caab26833e4	copied	/mnt/c/Windows/System32/DriverStore/FileRepository/qcwlanhmt8480.inf_arm64_5f9569322239def0/bdwlan_wcn785x_2p0_ncm825_LES790.elf
wlan	qcwlanhmt8480.inf_arm64_5f9569322239def0	bdwlan_wcn785x_2p0_ncm825_LE_Altai.elf	88792	05b8e98b8951b7853343b3abcc0613c148ffe76dfcb8f35059c5acc8fb9b74ed	copied	/mnt/c/Windows/System32/DriverStore/FileRepository/qcwlanhmt8480.inf_arm64_5f9569322239def0/bdwlan_wcn785x_2p0_ncm825_LE_Altai.elf
wlan	qcwlanhmt8480.inf_arm64_5f9569322239def0	bdwlan_wcn785x_2p0_ncm825_LE_C590.elf	88792	05b8e98b8951b7853343b3abcc0613c148ffe76dfcb8f35059c5acc8fb9b74ed	duplicate-of wlan/qcwlanhmt8480.inf_arm64_5f9569322239def0/bdwlan_wcn785x_2p0_ncm825_LE_Altai.elf	/mnt/c/Windows/System32/DriverStore/FileRepository/qcwlanhmt8480.inf_arm64_5f9569322239def0/bdwlan_wcn785x_2p0_ncm825_LE_C590.elf
wlan	qcwlanhmt8480.inf_arm64_5f9569322239def0	bdwlan_wcn785x_2p0_ncm825_PZ36.elf	88860	0872f6ea21164e5796c374e27847e70463d8b8dc00e5748f3cbdbdaad5a967f5	copied	/mnt/c/Windows/System32/DriverStore/FileRepository/qcwlanhmt8480.inf_arm64_5f9569322239def0/bdwlan_wcn785x_2p0_ncm825_PZ36.elf
wlan	qcwlanhmt8480.inf_arm64_5f9569322239def0	bdwlan_wcn785x_2p0_ncm825_QC_revB.elf	88728	7cd39c37731be562a861a8c48d12adf16983483e65bec86fe81f797b9f15acef	copied	/mnt/c/Windows/System32/DriverStore/FileRepository/qcwlanhmt8480.inf_arm64_5f9569322239def0/bdwlan_wcn785x_2p0_ncm825_QC_revB.elf
wlan	qcwlanhmt8480.inf_arm64_5f9569322239def0	bdwlan_wcn785x_2p0_ncm825_UX3407Q.elf	88792	a1f8fd98c50a6f5d4a3e3859bae58b86941cdbb0883561bc0a2fb1654f1c90a0	copied	/mnt/c/Windows/System32/DriverStore/FileRepository/qcwlanhmt8480.inf_arm64_5f9569322239def0/bdwlan_wcn785x_2p0_ncm825_UX3407Q.elf
wlan	qcwlanhmt8480.inf_arm64_5f9569322239def0	bdwlan_wcn785x_2p0_ncm865a.elf	88728	0fc41dfafb6b248842d6669105cbc8b34e1b5ce322d8c88f4e72ad66127f4936	copied	/mnt/c/Windows/System32/DriverStore/FileRepository/qcwlanhmt8480.inf_arm64_5f9569322239def0/bdwlan_wcn785x_2p0_ncm865a.elf
wlan	qcwlanhmt8480.inf_arm64_5f9569322239def0	bdwlan_wcn785x_2p0_ncm865a_LE_S390.elf	88780	fe221d5815c9ac9ac160eaaccd0ce2fb2b22fef19d3be87e2600113626a1656b	copied	/mnt/c/Windows/System32/DriverStore/FileRepository/qcwlanhmt8480.inf_arm64_5f9569322239def0/bdwlan_wcn785x_2p0_ncm865a_LE_S390.elf
wlan	qcwlanhmt8480.inf_arm64_5f9569322239def0	bdwlan_wcn785x_2p0_ncm865a_QC_revB.elf	88728	b8c4d11c1b2b539bbbfe9286d80d995938fec375e77d6251fa7588fd77ab2ae9	copied	/mnt/c/Windows/System32/DriverStore/FileRepository/qcwlanhmt8480.inf_arm64_5f9569322239def0/bdwlan_wcn785x_2p0_ncm865a_QC_revB.elf
wlan	qcwlanhmt8480.inf_arm64_5f9569322239def0	phy_ucode20.elf	299660	b647dc2546e9e61ca46bf396075fea2c8c1e2d53ff67932a8326f11426b6affc	copied	/mnt/c/Windows/System32/DriverStore/FileRepository/qcwlanhmt8480.inf_arm64_5f9569322239def0/phy_ucode20.elf
wlan	qcwlanhmt8480.inf_arm64_5f9569322239def0	qdss_trace_config_v1.cfg	4912	2f319ff82e661606c1bdd3b6520c99a8e972a84839b116be9a69fb86bbbb5eac	copied	/mnt/c/Windows/System32/DriverStore/FileRepository/qcwlanhmt8480.inf_arm64_5f9569322239def0/qdss_trace_config_v1.cfg
wlan	qcwlanhmt8480.inf_arm64_5f9569322239def0	qdss_trace_config_v2.cfg	5117	e661a0be88bc2372b1537ff9e0455ba0abaa64e6405dc496b0d0e09c673a5775	copied	/mnt/c/Windows/System32/DriverStore/FileRepository/qcwlanhmt8480.inf_arm64_5f9569322239def0/qdss_trace_config_v2.cfg
wlan	qcwlanhmt8480.inf_arm64_5f9569322239def0	regdb.bin	24278	ac80a33f7b213fb1ba3d5f8dfa2a491ac948f44d831ab3912b84f981eeea056f	copied	/mnt/c/Windows/System32/DriverStore/FileRepository/qcwlanhmt8480.inf_arm64_5f9569322239def0/regdb.bin
wlan	qcwlanhmt8480.inf_arm64_5f9569322239def0	wlanfw20.mbn	6295616	4ccbe7d588787de5badd60e43ae2620dfb1bf54bcab20c7e8c9a1b1ca7e405fe	copied	/mnt/c/Windows/System32/DriverStore/FileRepository/qcwlanhmt8480.inf_arm64_5f9569322239def0/wlanfw20.mbn
